time,temp_salon_c,temp_kids_c,hum_salon,hum_kids,temp_out_1_b_c,hum_out_1_b,temp_out_2_n_c,hum_out_2_n
2026-02-14 07:00:00,20.57,,63.11,,,,,
2026-02-14 08:00:00,19.19,,64.91,,,,,
2026-02-14 09:00:00,18.81,,67.48,,,,,
2026-02-14 10:00:00,18.39,20.47,63.27,64.03,,,,
2026-02-14 11:00:00,18.67,19.04,65.5,62.32,,,,
2026-02-14 12:00:00,18.5,18.81,65.36,62.43,,,,
2026-02-14 13:00:00,18.5,19.25,64.13,59.83,,,,
2026-02-14 14:00:00,18.5,19.73,65.61,59.36,,,,
2026-02-14 15:00:00,18.5,20.27,62.7,57.95,,,,
2026-02-14 16:00:00,18.55,20.48,64.16,57.7,,,,
2026-02-14 17:00:00,18.63,19.89,68.79,59.99,,,,
2026-02-14 18:00:00,18.7,19.26,71.9,62.16,,,,
2026-02-14 19:00:00,18.33,19.21,68.08,64.6,,,,
2026-02-14 20:00:00,18.41,19.0,68.61,64.3,,,,
2026-02-14 21:00:00,18.5,18.9,69.5,64.7,,,,
2026-02-14 22:00:00,18.44,18.9,69.5,64.7,,,,
2026-02-14 23:00:00,18.3,18.85,69.5,64.7,,,,
2026-02-15 00:00:00,18.3,18.7,69.5,65.64,,,,
2026-02-15 01:00:00,18.3,18.7,69.5,66.7,,,,
2026-02-15 02:00:00,18.2,18.7,69.5,67.52,,,,
2026-02-15 03:00:00,18.1,18.7,69.5,67.7,,,,
2026-02-15 04:00:00,18.1,18.7,69.5,67.7,,,,
2026-02-15 05:00:00,18.1,18.53,69.5,67.7,,,,
2026-02-15 06:00:00,18.1,18.5,69.5,67.7,,,,
2026-02-15 07:00:00,18.1,18.5,69.5,68.04,,,,
2026-02-15 08:00:00,18.1,18.5,70.27,68.7,,,,
2026-02-15 09:00:00,18.1,18.32,70.77,65.64,,,,
2026-02-15 10:00:00,18.1,18.42,69.94,65.23,,,,
2026-02-15 11:00:00,18.2,18.77,69.95,64.7,,,,
2026-02-15 12:00:00,18.33,19.11,70.4,64.7,,,,
2026-02-15 13:00:00,18.5,19.48,69.53,64.09,,,,
2026-02-15 14:00:00,18.53,19.35,69.4,64.47,,,,
2026-02-15 15:00:00,18.85,19.44,68.51,64.67,,,,
2026-02-15 16:00:00,19.36,19.91,68.36,62.97,,,,
2026-02-15 17:00:00,19.48,19.88,69.26,61.85,,,,
2026-02-15 18:00:00,18.95,19.31,66.18,60.2,,,,
2026-02-15 19:00:00,18.9,19.1,67.28,63.04,,,,
2026-02-15 20:00:00,18.88,18.99,69.49,66.37,,,,
2026-02-15 21:00:00,18.96,19.02,69.07,68.23,,,,
2026-02-15 22:00:00,19.01,19.1,67.04,69.2,,,,
2026-02-15 23:00:00,18.83,19.1,68.32,69.2,,,,
2026-02-16 00:00:00,18.7,19.03,68.5,69.2,,,,
2026-02-16 01:00:00,18.61,18.9,68.5,69.2,,,,
2026-02-16 02:00:00,18.5,18.9,68.5,69.2,,,,
2026-02-16 03:00:00,18.5,18.9,68.5,69.2,,,,
2026-02-16 04:00:00,18.46,18.9,68.5,69.2,,,,
2026-02-16 05:00:00,18.3,18.73,68.5,69.2,,,,
2026-02-16 06:00:00,18.3,18.7,68.5,69.2,,,,
2026-02-16 07:00:00,18.44,18.75,68.34,69.2,,,,
2026-02-16 08:00:00,18.7,19.03,68.49,68.29,,,,
2026-02-16 09:00:00,18.55,18.9,66.21,67.25,,,,
2026-02-16 10:00:00,18.5,18.83,67.09,66.71,,,,
2026-02-16 11:00:00,18.5,18.7,67.5,65.58,,,,
2026-02-16 12:00:00,18.5,18.7,67.86,65.2,,,,
2026-02-16 13:00:00,18.35,18.7,68.91,65.7,,,,
2026-02-16 14:00:00,18.68,19.16,69.5,66.06,,,,
2026-02-16 15:00:00,19.11,19.81,69.5,64.43,,,,
2026-02-16 16:00:00,19.2,20.6,69.5,64.18,,,,
2026-02-16 17:00:00,19.0,20.23,69.5,63.2,,,,
2026-02-16 18:00:00,18.9,19.58,69.16,63.21,,,,
2026-02-16 19:00:00,18.9,19.38,69.83,64.2,,,,
2026-02-16 20:00:00,18.88,19.11,70.91,65.15,,,,
2026-02-16 21:00:00,18.7,19.1,71.5,65.97,,,,
2026-02-16 22:00:00,18.61,19.1,70.56,64.3,,,,
2026-02-16 23:00:00,18.5,19.1,69.5,64.8,,,,
2026-02-17 00:00:00,18.5,18.96,69.5,65.3,,,,
2026-02-17 01:00:00,18.36,18.9,69.5,65.3,,,,
2026-02-17 02:00:00,18.3,18.9,69.5,65.3,,,,
2026-02-17 03:00:00,18.3,18.75,69.5,65.64,,,,
2026-02-17 04:00:00,18.13,18.7,69.5,66.3,,,,
2026-02-17 05:00:00,18.1,18.7,69.5,66.3,,,,
2026-02-17 06:00:00,18.1,18.61,69.5,66.3,,,,
2026-02-17 07:00:00,18.1,18.47,69.5,65.57,,,,
2026-02-17 08:00:00,18.02,17.93,67.03,59.81,,,,
2026-02-17 09:00:00,17.9,18.1,62.01,59.94,,,,
2026-02-17 10:00:00,18.0,18.2,63.61,59.5,,,,
2026-02-17 11:00:00,18.62,19.12,63.87,59.13,,,,
2026-02-17 12:00:00,19.32,19.82,62.9,58.5,,,,
2026-02-17 13:00:00,19.4,19.88,63.5,58.88,,,,
2026-02-17 14:00:00,19.14,19.64,64.9,60.23,,,,
2026-02-17 15:00:00,19.54,20.32,64.9,59.87,,,,
2026-02-17 16:00:00,19.69,20.4,64.9,58.64,,,,
2026-02-17 17:00:00,19.3,19.87,64.9,58.52,,,,
2026-02-17 18:00:00,19.14,19.61,66.19,60.74,,,,
2026-02-17 19:00:00,19.63,20.2,67.55,60.02,,,,
2026-02-17 20:00:00,19.87,20.38,65.63,58.62,,,,
2026-02-17 21:00:00,19.51,20.05,65.84,60.34,,,,
2026-02-17 22:00:00,19.29,19.62,67.02,60.69,,,,
2026-02-17 23:00:00,19.1,19.35,67.2,59.98,,,,
2026-02-18 00:00:00,18.9,19.18,67.2,59.36,,,,
2026-02-18 01:00:00,18.72,19.02,67.2,58.17,,,,
2026-02-18 02:00:00,18.61,18.9,67.2,57.5,,,,
2026-02-18 03:00:00,18.5,18.77,67.2,57.72,,,,
2026-02-18 04:00:00,18.37,18.7,67.2,58.5,,,,
2026-02-18 05:00:00,18.3,18.61,67.2,57.64,,,,
2026-02-18 06:00:00,18.16,18.4,67.2,55.56,,,,
2026-02-18 07:00:00,18.1,18.3,65.75,54.5,,,,
2026-02-18 08:00:00,18.1,17.96,61.79,51.16,,,,
2026-02-18 09:00:00,17.73,17.9,48.82,49.56,,,,
2026-02-18 10:00:00,17.7,17.9,51.4,49.1,,,,
2026-02-18 11:00:00,17.7,17.9,52.24,49.09,,,,
2026-02-18 12:00:00,17.7,18.11,52.28,47.0,,,,
2026-02-18 13:00:00,17.7,18.78,52.86,46.45,,,,
2026-02-18 14:00:00,18.19,19.32,54.28,47.43,,,,
2026-02-18 15:00:00,19.51,20.32,54.4,46.9,,,,
2026-02-18 16:00:00,19.73,20.65,54.78,47.38,,,,
2026-02-18 17:00:00,19.21,20.45,56.19,50.01,,,,
2026-02-18 18:00:00,18.78,19.52,56.43,51.38,,,,
2026-02-18 19:00:00,19.19,19.97,58.99,51.9,,,,
2026-02-18 20:00:00,19.8,20.38,58.28,51.9,,,,
2026-02-18 21:00:00,19.39,20.01,57.5,51.52,,,,
2026-02-18 22:00:00,19.01,19.49,57.19,48.43,,,,
2026-02-18 23:00:00,18.81,19.18,57.37,47.65,,,,
2026-02-19 00:00:00,18.61,19.07,56.6,47.6,,,,
2026-02-19 01:00:00,18.44,18.9,56.6,49.43,,,,
2026-02-19 02:00:00,18.3,18.83,56.05,51.5,,,,
2026-02-19 03:00:00,18.11,18.7,55.6,52.9,,,,
2026-02-19 04:00:00,18.05,18.58,55.8,53.87,,,,
2026-02-19 05:00:00,17.9,18.5,56.6,53.9,,,,
2026-02-19 06:00:00,17.58,18.35,53.01,54.25,,,,
2026-02-19 07:00:00,16.6,18.26,45.55,53.27,,,,
2026-02-19 08:00:00,17.24,17.48,49.5,45.74,,,,
2026-02-19 09:00:00,17.19,17.56,46.14,46.27,,,,
2026-02-19 10:00:00,17.42,17.86,48.73,46.8,,,,
2026-02-19 11:00:00,17.5,17.99,49.11,46.8,,,,
2026-02-19 12:00:00,17.5,18.22,49.04,41.33,,,,
2026-02-19 13:00:00,17.5,18.53,46.2,37.77,,,,
2026-02-19 14:00:00,17.68,19.22,47.63,41.45,,,,
2026-02-19 15:00:00,18.91,20.21,47.9,41.7,,,,
2026-02-19 16:00:00,19.46,20.98,48.29,42.31,,,,
2026-02-19 17:00:00,19.1,20.61,49.3,43.99,,,,
2026-02-19 18:00:00,18.76,19.69,53.04,45.98,,,,
2026-02-19 19:00:00,19.32,20.32,56.46,48.8,,,,
2026-02-19 20:00:00,19.18,19.89,55.77,47.9,,,,
2026-02-19 21:00:00,18.84,19.5,57.26,50.91,,,,
2026-02-19 22:00:00,18.56,19.37,57.7,52.9,,,,
2026-02-19 23:00:00,18.48,19.05,58.42,52.9,,,,
2026-02-20 00:00:00,18.3,18.9,58.7,53.76,,,,
2026-02-20 01:00:00,18.11,18.9,58.7,55.56,,,,
2026-02-20 02:00:00,18.08,18.79,58.7,56.71,,,,
2026-02-20 03:00:00,17.9,18.7,59.23,56.9,,,,
2026-02-20 04:00:00,17.9,18.57,59.7,57.66,,,,
2026-02-20 05:00:00,17.73,18.5,59.89,57.9,,,,
2026-02-20 06:00:00,17.7,18.45,60.7,58.27,,,,
2026-02-20 07:00:00,17.7,18.3,60.94,59.06,,,,
2026-02-20 08:00:00,17.7,18.3,62.61,59.88,,,,
2026-02-20 09:00:00,17.53,18.11,61.7,59.87,,,,
2026-02-20 10:00:00,17.5,18.1,61.7,58.9,,,,
2026-02-20 11:00:00,17.5,17.92,61.7,58.9,,,,
2026-02-20 12:00:00,17.35,17.63,61.33,57.97,,,,
2026-02-20 13:00:00,17.37,18.58,61.09,57.9,,,,
2026-02-20 14:00:00,17.61,19.21,62.64,57.81,,,,
2026-02-20 15:00:00,18.38,19.71,62.7,56.9,,,,
2026-02-20 16:00:00,18.67,19.93,62.7,57.11,,,,
2026-02-20 17:00:00,18.37,19.27,62.1,58.43,,,,
2026-02-20 18:00:00,18.4,18.87,67.34,59.68,,,,
2026-02-20 19:00:00,18.45,18.7,67.8,62.44,,,,
2026-02-20 20:00:00,18.34,18.63,68.7,64.1,,,,
2026-02-20 21:00:00,18.1,18.5,67.88,64.1,,,,
2026-02-20 22:00:00,18.1,18.45,68.51,64.1,,,,
2026-02-20 23:00:00,18.1,18.3,68.7,64.1,,,,
2026-02-21 00:00:00,18.04,18.3,68.7,64.1,,,,
2026-02-21 01:00:00,17.9,18.3,68.7,64.63,,,,
2026-02-21 02:00:00,17.87,18.3,68.7,65.1,,,,
2026-02-21 03:00:00,17.7,18.22,68.37,65.72,,,,
2026-02-21 04:00:00,17.7,18.1,67.7,66.1,,,,
2026-02-21 05:00:00,17.7,18.1,67.7,66.1,,,,
2026-02-21 06:00:00,17.55,18.1,67.7,66.43,,,,
2026-02-21 07:00:00,17.5,18.1,67.7,67.1,,,,
2026-02-21 08:00:00,17.5,18.06,67.7,67.1,,,,
2026-02-21 09:00:00,17.58,17.8,68.53,64.45,,,,
2026-02-21 10:00:00,17.14,16.74,61.3,58.72,,,,
2026-02-21 11:00:00,17.08,16.94,58.65,57.2,,,,
2026-02-21 12:00:00,17.35,17.62,61.97,58.15,,,,
2026-02-21 13:00:00,18.22,18.58,66.25,59.64,,,,
2026-02-21 14:00:00,18.5,18.98,67.0,60.05,,,,
2026-02-21 15:00:00,18.38,19.18,67.0,57.41,,,,
2026-02-21 16:00:00,18.17,18.7,66.87,60.65,,,,
2026-02-21 17:00:00,18.66,19.0,64.78,59.26,,,,
2026-02-21 18:00:00,19.08,19.38,66.39,61.0,,,,
2026-02-21 19:00:00,19.11,19.4,61.69,57.11,,,,
2026-02-21 20:00:00,19.22,19.4,62.79,58.91,,,,
2026-02-21 21:00:00,19.17,19.21,64.11,60.85,,,,
2026-02-21 22:00:00,18.97,18.91,63.39,61.56,,,,
2026-02-21 23:00:00,18.65,18.81,60.77,60.96,,,,
2026-02-22 00:00:00,18.5,18.62,59.68,60.0,,,,
2026-02-22 01:00:00,18.4,18.5,61.08,60.58,,,,
2026-02-22 02:00:00,18.3,18.5,62.01,61.75,,,,
2026-02-22 03:00:00,18.1,18.47,62.2,62.82,,,,
2026-02-22 04:00:00,18.1,18.3,63.07,63.81,,,,
2026-02-22 05:00:00,17.98,18.3,63.2,64.11,,,,
2026-02-22 06:00:00,17.9,18.3,64.05,65.0,,,,
2026-02-22 07:00:00,17.85,18.16,64.2,65.0,,,,
2026-02-22 08:00:00,17.7,18.1,64.2,65.0,,,,
2026-02-22 09:00:00,17.7,17.76,63.57,57.57,,,,
2026-02-22 10:00:00,17.67,17.33,62.67,51.81,,,,
2026-02-22 11:00:00,17.75,18.53,54.97,53.55,,,,
2026-02-22 12:00:00,18.81,19.58,56.1,53.3,,,,
2026-02-22 13:00:00,18.75,19.98,57.53,53.3,,,,
2026-02-22 14:00:00,18.49,20.13,59.1,54.38,16.28,52.21,,
2026-02-22 15:00:00,18.23,19.37,60.09,55.85,11.28,58.34,,
2026-02-22 16:00:00,18.15,19.46,62.33,56.3,10.61,64.35,,
2026-02-22 17:00:00,18.45,19.84,63.91,55.66,9.89,66.82,17.01,55.45
2026-02-22 18:00:00,19.33,20.04,63.81,56.66,9.23,70.83,11.63,63.32
2026-02-22 19:00:00,19.07,19.65,65.78,60.08,8.89,70.79,10.33,66.01
2026-02-22 20:00:00,19.44,19.84,66.32,61.13,8.64,71.44,9.66,68.0
2026-02-22 21:00:00,19.26,19.54,65.34,61.4,8.44,75.14,9.39,71.99
2026-02-22 22:00:00,19.01,19.3,66.37,61.25,8.35,75.18,9.2,72.2
2026-02-22 23:00:00,18.77,19.1,66.27,58.65,8.04,74.67,8.74,71.83
2026-02-23 00:00:00,18.61,18.9,66.29,58.18,7.61,74.43,8.47,71.87
2026-02-23 01:00:00,18.35,18.71,66.66,59.89,7.5,74.77,8.44,71.89
2026-02-23 02:00:00,18.19,18.7,67.1,61.84,7.43,74.71,8.13,72.05
2026-02-23 03:00:00,18.09,18.54,67.1,63.08,7.48,74.31,8.12,72.07
2026-02-23 04:00:00,17.9,18.5,67.1,63.4,7.91,72.41,8.5,70.17
2026-02-23 05:00:00,17.84,18.42,67.1,64.35,8.16,72.16,8.64,70.04
2026-02-23 06:00:00,17.7,18.3,67.1,64.4,8.28,70.39,8.74,68.27
2026-02-23 07:00:00,17.7,18.13,67.1,61.72,8.24,69.99,8.64,68.44
2026-02-23 08:00:00,17.7,17.07,66.42,50.27,9.45,66.9,9.16,66.56
2026-02-23 09:00:00,17.71,17.48,60.64,53.58,10.54,62.08,9.87,63.52
2026-02-23 10:00:00,17.68,18.19,56.34,54.7,11.39,56.72,11.25,57.87
2026-02-23 11:00:00,17.7,18.1,58.06,54.7,12.19,53.47,13.1,52.06
2026-02-23 12:00:00,17.53,18.23,58.3,52.6,12.82,51.09,14.9,47.66
2026-02-23 13:00:00,17.59,18.6,59.43,50.02,13.56,48.81,16.46,42.86
2026-02-23 14:00:00,17.7,19.31,60.76,53.32,14.24,45.72,17.33,39.04
2026-02-23 15:00:00,17.7,19.58,62.05,52.52,14.43,46.5,19.24,36.65
2026-02-23 16:00:00,17.7,19.74,61.1,51.13,14.01,50.16,21.21,35.55
2026-02-23 17:00:00,17.88,19.75,61.5,53.01,13.0,55.39,20.0,38.42
2026-02-23 18:00:00,19.05,20.18,60.53,52.5,12.04,59.13,15.38,47.85
2026-02-23 19:00:00,18.88,19.46,61.02,54.42,11.24,62.39,13.52,53.81
2026-02-23 20:00:00,18.67,19.23,62.52,59.87,10.67,64.82,12.5,57.58
2026-02-23 21:00:00,18.5,19.1,65.08,62.2,10.22,66.57,11.59,60.82
2026-02-23 22:00:00,18.31,18.9,64.89,61.59,9.69,67.29,10.86,62.39
2026-02-23 23:00:00,18.1,18.9,65.4,62.76,9.46,69.24,10.35,64.92
2026-02-24 00:00:00,18.0,18.7,65.4,63.0,9.19,71.02,9.95,67.11
2026-02-24 01:00:00,17.85,18.58,66.16,63.52,8.89,72.15,9.52,68.63
2026-02-24 02:00:00,17.7,18.5,66.4,64.0,8.66,73.2,9.2,70.05
2026-02-24 03:00:00,17.63,18.4,66.4,64.0,8.51,74.88,8.88,71.81
2026-02-24 04:00:00,17.5,18.3,66.4,64.0,8.36,76.29,8.62,73.67
2026-02-24 05:00:00,17.48,18.26,66.4,64.0,8.42,77.69,8.59,75.07
2026-02-24 06:00:00,17.3,18.1,66.4,64.0,8.33,78.51,8.41,76.34
2026-02-24 07:00:00,17.3,18.04,66.4,63.13,8.34,79.23,8.37,77.28
2026-02-24 08:00:00,17.3,17.36,63.82,57.85,10.92,74.79,9.42,76.27
2026-02-24 09:00:00,17.3,17.5,59.62,58.7,13.96,64.88,11.14,71.53
2026-02-24 10:00:00,17.3,17.5,61.38,59.02,15.2,59.39,12.98,65.29
2026-02-24 11:00:00,17.3,17.63,62.76,59.7,15.82,55.41,14.66,58.15
2026-02-24 12:00:00,17.3,17.86,63.4,59.7,16.16,52.14,16.05,52.19
2026-02-24 13:00:00,17.3,18.41,63.02,55.78,16.67,52.27,17.2,50.32
2026-02-24 14:00:00,17.3,19.22,63.56,56.53,16.58,52.72,17.75,48.99
2026-02-24 15:00:00,17.3,18.81,64.4,57.24,16.6,52.04,20.73,42.49
2026-02-24 16:00:00,17.3,19.42,64.4,57.08,16.43,52.78,22.46,38.68
2026-02-24 17:00:00,17.3,19.1,64.4,56.07,15.75,53.24,19.64,41.33
2026-02-24 18:00:00,17.31,18.55,64.92,57.61,14.83,55.83,16.2,49.31
2026-02-24 19:00:00,18.29,19.28,68.54,58.5,14.24,59.77,15.01,55.48
2026-02-24 20:00:00,18.83,19.78,68.5,58.88,13.76,62.9,14.31,59.72
2026-02-24 21:00:00,18.56,19.64,69.6,61.37,13.36,63.33,13.74,60.62
2026-02-24 22:00:00,18.3,19.14,69.5,61.5,12.89,64.42,13.19,62.33
2026-02-24 23:00:00,18.15,18.85,68.92,61.31,12.29,66.19,12.45,64.9
2026-02-25 00:00:00,17.96,18.7,68.5,60.95,11.69,67.71,11.83,66.65
2026-02-25 01:00:00,17.82,18.64,68.5,62.2,11.23,68.45,11.31,67.38
2026-02-25 02:00:00,17.7,18.5,68.5,63.03,11.55,62.27,11.97,60.3
2026-02-25 03:00:00,17.7,18.5,68.5,64.32,12.48,57.76,12.43,56.91
2026-02-25 04:00:00,17.51,18.44,68.5,65.19,12.43,54.11,12.31,53.96
2026-02-25 05:00:00,17.5,18.3,68.5,65.5,12.13,51.51,12.11,51.15
2026-02-25 06:00:00,17.5,18.3,68.16,65.5,11.74,50.32,11.63,50.4
2026-02-25 07:00:00,17.34,18.3,67.5,66.11,11.54,49.5,11.52,49.3
2026-02-25 08:00:00,17.48,18.14,67.3,65.17,11.99,48.34,12.08,47.97
2026-02-25 09:00:00,17.11,17.77,57.07,56.84,12.36,46.57,12.63,45.58
2026-02-25 10:00:00,17.3,17.9,59.21,57.0,13.41,42.14,13.83,41.13
2026-02-25 11:00:00,17.3,17.9,60.2,57.0,13.99,41.88,14.91,40.05
2026-02-25 12:00:00,17.3,17.9,60.2,57.0,13.98,40.63,15.19,38.0
2026-02-25 13:00:00,17.3,18.38,59.46,52.99,13.97,40.2,16.01,36.72
2026-02-25 14:00:00,17.3,19.14,58.31,51.34,14.36,39.06,17.22,33.91
2026-02-25 15:00:00,17.3,18.91,59.1,53.62,14.36,36.99,20.74,28.49
2026-02-25 16:00:00,17.3,18.65,60.05,54.96,14.2,35.77,23.93,23.21
2026-02-25 17:00:00,17.3,18.86,60.1,53.44,13.67,37.33,23.7,23.04
2026-02-25 18:00:00,17.23,18.52,59.35,53.4,12.85,38.45,17.29,28.5
2026-02-25 19:00:00,17.38,18.63,62.12,56.59,12.19,40.02,14.71,32.75
2026-02-25 20:00:00,18.27,19.63,62.17,56.36,11.4,42.18,13.22,36.43
2026-02-25 21:00:00,18.66,19.86,61.67,54.36,11.11,42.96,12.48,38.01
2026-02-25 22:00:00,18.44,19.61,60.82,53.21,10.6,45.68,11.6,41.44
2026-02-25 23:00:00,18.29,19.07,61.9,52.3,9.71,48.47,10.59,45.08
2026-02-26 00:00:00,18.0,18.9,62.7,52.98,9.05,49.38,9.8,46.52
2026-02-26 01:00:00,17.8,18.7,62.7,55.58,8.73,52.4,9.37,49.67
2026-02-26 02:00:00,17.7,18.65,62.66,56.68,8.49,54.07,9.02,51.91
2026-02-26 03:00:00,17.54,18.5,61.7,57.2,8.43,57.39,8.88,55.46
2026-02-26 04:00:00,17.5,18.5,61.7,58.06,8.34,60.11,8.63,59.72
2026-02-26 05:00:00,17.38,18.31,61.7,58.2,8.2,64.92,8.4,63.59
2026-02-26 06:00:00,17.3,18.3,61.7,58.7,8.04,67.12,8.13,66.48
2026-02-26 07:00:00,17.82,18.87,61.48,57.0,7.96,67.46,8.14,67.22
2026-02-26 08:00:00,18.6,18.47,57.37,45.0,10.55,57.08,10.08,57.17
2026-02-26 09:00:00,17.87,18.1,49.91,47.06,12.53,51.09,11.79,52.4
2026-02-26 10:00:00,17.83,18.1,52.52,49.02,13.23,46.98,12.96,47.33
2026-02-26 11:00:00,17.7,18.1,53.46,50.17,13.73,44.18,14.27,42.88
2026-02-26 12:00:00,17.54,18.01,54.4,49.94,13.4,51.52,14.06,49.92
2026-02-26 13:00:00,17.5,17.76,54.4,48.85,12.01,55.86,12.42,54.73
2026-02-26 14:00:00,18.01,18.74,55.83,49.64,11.34,58.61,12.76,55.32
2026-02-26 15:00:00,19.14,19.74,55.4,49.4,11.29,56.9,13.75,51.12
2026-02-26 16:00:00,18.64,19.15,55.4,51.15,11.21,55.23,15.45,45.02
2026-02-26 17:00:00,18.34,19.06,55.4,49.62,11.04,55.67,17.05,41.46
2026-02-26 18:00:00,18.24,18.63,55.58,50.1,10.25,55.65,12.53,47.01
2026-02-26 19:00:00,18.31,19.07,55.5,50.97,9.62,57.16,10.87,52.01
2026-02-26 20:00:00,18.65,19.5,56.99,52.1,9.15,59.96,10.02,55.69
2026-02-26 21:00:00,18.68,19.4,59.3,53.67,8.55,62.39,9.37,58.36
2026-02-26 22:00:00,18.46,19.17,60.78,57.23,7.97,63.76,8.76,60.01
2026-02-26 23:00:00,18.35,19.04,61.28,58.8,7.7,64.5,8.32,61.24
2026-02-27 00:00:00,18.42,19.35,61.9,59.1,7.36,65.35,7.93,62.48
2026-02-27 01:00:00,18.18,18.97,61.9,60.09,7.24,65.88,7.69,63.97
2026-02-27 02:00:00,17.98,18.74,62.78,60.49,7.11,66.88,7.49,65.25
2026-02-27 03:00:00,17.86,18.57,62.9,61.1,7.04,67.59,7.42,66.11
2026-02-27 04:00:00,17.7,18.5,62.9,61.1,7.28,67.55,7.73,65.51
2026-02-27 05:00:00,17.59,18.31,62.9,61.1,7.28,68.34,7.78,66.21
2026-02-27 06:00:00,17.5,18.28,62.9,61.92,7.39,67.95,8.0,65.64
2026-02-27 07:00:00,17.5,17.85,62.66,57.58,7.6,68.32,8.18,65.99
2026-02-27 08:00:00,17.42,17.63,60.58,56.34,8.14,67.69,8.74,65.42
2026-02-27 09:00:00,17.0,17.7,54.97,54.71,9.02,64.51,9.66,62.19
2026-02-27 10:00:00,17.1,17.68,57.06,54.2,9.87,60.78,10.68,57.93
2026-02-27 11:00:00,17.1,17.56,57.2,54.2,10.66,57.27,11.84,54.02
2026-02-27 12:00:00,16.99,17.7,57.2,54.2,11.34,54.46,12.88,50.15
2026-02-27 13:00:00,17.46,18.3,56.53,53.33,11.55,54.08,12.67,50.5
2026-02-27 14:00:00,18.21,19.01,56.2,53.2,11.75,55.22,12.65,52.34
2026-02-27 15:00:00,18.3,19.16,56.64,53.2,11.41,57.02,13.14,52.18
2026-02-27 16:00:00,18.49,19.51,56.02,52.34,11.32,57.41,17.24,44.86
2026-02-27 17:00:00,18.29,19.44,54.2,47.07,10.78,58.87,18.49,40.3
2026-02-27 18:00:00,18.1,18.67,54.67,48.2,9.88,61.37,12.93,50.15
2026-02-27 19:00:00,18.25,19.08,56.3,50.5,9.12,63.85,10.76,56.78
2026-02-27 20:00:00,18.69,19.43,56.3,50.5,8.72,64.78,9.93,59.47
2026-02-27 21:00:00,18.63,19.24,57.17,51.67,8.32,65.56,9.31,61.39
2026-02-27 22:00:00,18.25,18.86,58.15,52.5,8.0,67.03,8.69,63.66
2026-02-27 23:00:00,18.09,18.49,58.3,52.5,7.63,67.77,8.19,66.07
2026-02-28 00:00:00,17.9,18.3,58.95,52.5,7.33,69.52,7.76,68.05
2026-02-28 01:00:00,17.72,18.19,59.3,53.07,7.12,70.73,7.5,68.91
2026-02-28 02:00:00,17.57,18.1,58.8,54.35,7.02,70.99,7.36,69.06
2026-02-28 03:00:00,17.47,17.99,59.3,55.01,7.0,70.82,7.3,69.14
2026-02-28 04:00:00,17.3,17.9,59.3,55.5,7.11,69.55,7.44,68.03
2026-02-28 05:00:00,17.23,17.77,59.3,55.5,7.06,69.26,7.34,67.76
2026-02-28 06:00:00,17.1,17.7,59.3,55.79,6.85,68.32,7.22,66.79
2026-02-28 07:00:00,17.06,17.56,59.3,56.5,6.97,68.33,7.36,66.75
2026-02-28 08:00:00,16.97,17.53,59.51,56.11,8.46,66.4,8.23,65.96
2026-02-28 09:00:00,17.09,16.98,58.78,50.97,10.23,61.27,9.71,62.21
2026-02-28 10:00:00,16.7,17.3,53.74,53.84,10.84,58.36,10.73,58.15
2026-02-28 11:00:00,16.7,17.22,55.33,53.5,10.62,58.8,11.03,57.06
2026-02-28 12:00:00,16.77,17.38,55.78,52.2,11.38,56.01,12.74,51.52
2026-02-28 13:00:00,18.04,18.96,64.4,53.14,11.81,54.26,14.12,47.55
2026-02-28 14:00:00,18.6,20.17,63.13,54.56,11.7,53.76,15.17,44.76
2026-02-28 15:00:00,17.84,20.21,51.13,51.33,11.74,53.21,16.98,41.06
2026-02-28 16:00:00,17.7,19.08,56.01,51.08,11.44,53.22,15.28,42.6
2026-02-28 17:00:00,17.66,19.08,59.53,54.14,11.25,54.12,17.62,39.42
2026-02-28 18:00:00,17.45,18.48,60.6,55.58,10.2,55.21,12.87,45.53
2026-02-28 19:00:00,17.3,18.13,60.63,56.4,9.23,57.92,10.85,51.76
2026-02-28 20:00:00,17.78,18.69,60.7,55.92,8.69,59.62,9.87,55.8
2026-02-28 21:00:00,18.46,19.26,62.25,57.1,8.24,60.95,9.16,58.14
2026-02-28 22:00:00,18.57,19.61,64.67,59.55,7.82,61.52,8.58,59.27
2026-02-28 23:00:00,18.4,19.31,64.7,61.69,7.62,61.67,8.24,60.23
2026-03-01 00:00:00,18.05,18.81,64.7,62.4,7.5,62.03,7.99,60.46
2026-03-01 01:00:00,17.8,18.54,63.8,63.2,7.37,62.52,7.72,61.15
2026-03-01 02:00:00,17.6,18.35,63.7,63.4,7.26,62.93,7.6,62.2
2026-03-01 03:00:00,17.48,18.22,63.7,63.4,7.13,63.4,7.5,62.47
2026-03-01 04:00:00,17.3,18.1,63.7,63.4,7.03,62.89,7.41,61.49
2026-03-01 05:00:00,17.2,17.93,63.09,63.4,7.03,62.58,7.36,61.35
2026-03-01 06:00:00,17.1,17.9,62.73,63.4,7.13,63.47,7.34,63.19
2026-03-01 07:00:00,17.1,17.9,63.45,63.4,7.35,63.91,7.53,63.59
2026-03-01 08:00:00,16.92,17.85,63.39,63.4,8.19,63.33,8.18,62.42
2026-03-01 09:00:00,17.1,17.45,61.9,55.84,10.24,57.13,9.83,56.85
2026-03-01 10:00:00,16.76,17.34,53.22,51.93,11.32,52.8,11.5,51.02
2026-03-01 11:00:00,17.06,18.05,52.16,51.2,12.01,49.96,12.75,46.81
2026-03-01 12:00:00,18.58,19.45,53.95,50.57,12.36,48.69,13.96,43.64
2026-03-01 13:00:00,18.12,19.5,56.71,52.23,12.58,48.15,14.81,42.32
2026-03-01 14:00:00,17.76,19.64,57.3,52.3,12.77,48.55,15.71,41.14
2026-03-01 15:00:00,17.67,20.06,57.78,51.56,12.65,48.62,17.85,37.87
2026-03-01 16:00:00,17.46,20.3,59.3,51.3,12.44,48.98,20.68,32.7
2026-03-01 17:00:00,17.3,19.97,59.43,51.43,11.9,49.94,19.43,33.12
2026-03-01 18:00:00,17.3,19.06,60.14,52.45,10.82,50.86,14.05,40.04
2026-03-01 19:00:00,17.6,19.11,60.58,52.64,9.89,52.68,11.64,45.85
2026-03-01 20:00:00,18.25,19.7,62.17,52.04,9.52,51.02,10.94,45.07
2026-03-01 21:00:00,18.26,19.47,63.63,54.09,9.39,49.6,10.55,44.29
2026-03-01 22:00:00,17.95,19.06,63.6,53.49,9.12,49.88,10.03,45.34
2026-03-01 23:00:00,17.75,18.7,62.72,50.94,8.74,50.42,9.48,46.28
2026-03-02 00:00:00,17.55,18.5,62.6,53.44,8.57,49.47,9.26,44.97
2026-03-02 01:00:00,17.4,18.45,62.6,55.76,8.16,51.16,8.75,47.88
2026-03-02 02:00:00,17.3,18.3,62.6,56.96,7.61,53.25,7.97,51.94
2026-03-02 03:00:00,17.12,18.18,62.69,57.79,7.04,55.33,7.38,54.57
2026-03-02 04:00:00,17.1,18.1,63.49,58.3,6.72,56.45,7.1,56.18
2026-03-02 05:00:00,16.91,17.98,62.2,58.3,6.34,57.52,6.67,58.49
2026-03-02 06:00:00,16.88,17.83,61.5,57.37,5.97,58.84,6.27,59.95
2026-03-02 07:00:00,16.74,17.7,61.45,57.52,6.14,58.55,6.52,58.22
2026-03-02 08:00:00,16.78,17.55,55.4,55.2,9.82,56.47,8.4,54.22
2026-03-02 09:00:00,16.7,17.3,54.27,51.6,13.09,49.45,10.3,49.05
2026-03-02 10:00:00,16.5,16.58,47.92,44.04,14.8,44.26,12.28,42.42
2026-03-02 11:00:00,16.38,16.71,43.0,40.2,15.76,40.84,13.74,38.73
2026-03-02 12:00:00,16.44,17.1,43.06,40.15,16.11,39.98,15.46,35.56
2026-03-02 13:00:00,16.5,17.85,45.28,39.84,16.48,39.57,17.19,33.34
2026-03-02 14:00:00,16.71,18.51,49.15,42.65,16.62,39.33,18.56,31.61
2026-03-02 15:00:00,17.92,19.54,49.4,43.0,16.44,43.71,21.41,34.57
2026-03-02 16:00:00,18.5,20.16,49.88,44.84,16.02,48.35,24.3,33.24
2026-03-02 17:00:00,18.21,20.02,52.29,46.99,15.36,51.73,23.31,35.5
2026-03-02 18:00:00,17.95,19.11,56.07,49.51,14.28,54.88,17.22,47.62
2026-03-02 19:00:00,18.71,19.54,67.66,54.41,13.14,57.5,15.01,54.46
2026-03-02 20:00:00,18.5,19.15,70.38,57.81,12.29,59.77,13.83,56.83
2026-03-02 21:00:00,18.13,18.76,70.1,59.05,11.69,60.95,12.83,58.81
2026-03-02 22:00:00,17.91,18.7,69.3,60.58,11.07,62.8,11.86,61.42
2026-03-02 23:00:00,17.79,18.58,69.3,60.6,10.49,64.15,11.13,63.3
2026-03-03 00:00:00,17.64,18.5,68.21,60.6,10.0,65.27,10.5,65.21
2026-03-03 01:00:00,17.5,18.32,67.3,60.6,9.64,66.71,10.07,66.72
2026-03-03 02:00:00,17.42,18.3,67.3,60.6,9.32,67.33,9.65,67.42
2026-03-03 03:00:00,17.3,18.17,66.83,60.6,9.07,66.96,9.37,68.17
2026-03-03 04:00:00,17.3,18.1,66.1,60.6,8.65,67.43,8.98,68.68
2026-03-03 05:00:00,17.12,18.03,65.2,60.6,8.5,69.91,8.67,70.84
2026-03-03 06:00:00,17.1,17.9,65.06,60.6,8.45,70.53,8.6,73.0
2026-03-03 07:00:00,16.95,17.9,63.76,60.6,8.63,72.37,8.77,73.85
2026-03-03 08:00:00,17.21,17.28,64.42,56.2,11.17,69.98,9.91,72.18
2026-03-03 09:00:00,17.29,17.44,63.2,58.28,14.31,63.41,11.67,68.0
2026-03-03 10:00:00,17.1,17.5,63.2,58.5,16.29,58.32,13.37,62.86
2026-03-03 11:00:00,17.1,17.56,63.2,58.5,17.38,53.42,15.51,53.84
2026-03-03 12:00:00,17.1,17.7,61.67,57.79,17.58,51.46,17.5,48.61
2026-03-03 13:00:00,17.1,18.29,60.04,53.05,17.8,50.95,19.14,45.34
2026-03-03 14:00:00,17.38,18.81,61.72,55.11,17.87,51.08,20.47,43.14
2026-03-03 15:00:00,19.05,20.22,61.13,54.12,17.55,50.65,21.52,40.31
2026-03-03 16:00:00,19.59,20.79,60.2,53.74,17.17,50.21,23.87,34.89
2026-03-03 17:00:00,18.98,20.21,61.25,55.44,16.49,51.2,21.68,37.53
2026-03-03 18:00:00,18.57,19.56,63.87,57.78,15.47,53.18,17.79,44.61
2026-03-03 19:00:00,18.52,19.46,66.3,59.3,14.14,54.13,15.5,48.32
2026-03-03 20:00:00,18.64,19.49,66.3,59.57,13.12,56.26,14.38,52.38
2026-03-03 21:00:00,18.38,19.3,67.29,61.14,12.52,58.66,13.51,56.43
2026-03-03 22:00:00,18.3,19.13,66.32,59.54,11.95,59.47,12.75,59.71
2026-03-03 23:00:00,18.17,18.9,65.3,57.52,11.45,61.3,12.13,62.62
2026-03-04 00:00:00,18.07,18.79,65.3,57.62,11.05,63.86,11.58,65.81
2026-03-04 01:00:00,17.9,18.7,65.3,58.85,10.83,62.62,11.17,64.94
2026-03-04 02:00:00,17.9,18.59,65.3,59.48,11.18,56.57,11.58,55.5
2026-03-04 03:00:00,17.73,18.5,65.3,60.55,11.73,52.97,12.02,49.53
2026-03-04 04:00:00,17.7,18.5,66.05,62.16,11.95,51.7,12.02,49.93
2026-03-04 05:00:00,17.7,18.4,66.47,63.3,11.9,53.79,11.9,52.9
2026-03-04 06:00:00,17.61,18.3,67.18,63.3,11.87,54.02,11.87,53.56
2026-03-04 07:00:00,17.4,18.14,60.43,58.57,11.98,53.36,11.97,52.42
2026-03-04 08:00:00,17.35,17.9,55.49,53.92,12.68,52.76,12.65,51.81
2026-03-04 09:00:00,17.3,17.9,57.19,54.3,13.38,53.55,13.24,53.39
2026-03-04 10:00:00,17.31,18.01,58.72,55.03,14.35,52.72,14.41,51.75
2026-03-04 11:00:00,17.5,18.1,60.0,55.78,15.13,50.4,15.8,47.39
2026-03-04 12:00:00,17.5,18.24,60.67,56.3,15.95,46.9,17.32,41.8
2026-03-04 13:00:00,17.5,18.68,62.2,57.61,16.58,44.6,18.85,37.68
2026-03-04 14:00:00,17.6,19.03,63.45,58.33,16.75,41.08,20.16,32.46
2026-03-04 15:00:00,17.5,18.9,64.0,59.3,16.65,41.35,22.1,30.88
2026-03-04 16:00:00,17.5,19.03,64.29,59.77,16.27,43.29,21.53,32.3
2026-03-04 17:00:00,17.5,18.73,65.0,60.3,15.57,45.75,18.33,37.7
2026-03-04 18:00:00,17.65,18.8,65.73,60.3,14.9,48.32,16.65,43.84
2026-03-04 19:00:00,17.73,18.73,67.98,61.29,14.0,51.06,14.98,48.6
2026-03-04 20:00:00,18.33,19.34,68.5,61.3,13.03,51.75,13.96,49.4
2026-03-04 21:00:00,18.64,19.7,68.7,61.3,12.38,52.51,13.09,51.53
2026-03-04 22:00:00,18.41,19.29,68.49,60.84,11.6,53.48,12.27,53.15
2026-03-04 23:00:00,18.23,18.97,69.63,60.3,10.93,52.87,11.56,51.24
2026-03-05 00:00:00,18.02,18.79,68.7,60.3,10.33,52.8,11.01,51.91
2026-03-05 01:00:00,17.9,18.7,67.98,60.94,9.95,52.75,10.54,51.49
2026-03-05 02:00:00,17.71,18.66,67.7,61.3,9.63,53.23,10.22,53.1
2026-03-05 03:00:00,17.7,18.5,67.7,61.3,9.5,54.0,10.07,56.09
2026-03-05 04:00:00,17.57,18.5,67.7,61.3,9.43,55.71,9.85,59.78
2026-03-05 05:00:00,17.5,18.39,67.21,61.3,9.4,58.22,9.67,63.46
2026-03-05 06:00:00,17.5,18.3,66.69,61.3,9.3,60.42,9.45,65.84
2026-03-05 07:00:00,17.3,18.21,64.24,60.77,9.46,62.18,9.5,67.99
2026-03-05 08:00:00,17.3,17.59,60.44,54.45,11.8,60.46,10.81,65.49
2026-03-05 09:00:00,17.3,17.71,60.65,55.84,15.15,56.62,12.53,62.05
2026-03-05 10:00:00,17.3,17.9,62.06,56.0,17.24,52.73,14.08,57.28
2026-03-05 11:00:00,17.3,17.91,62.7,56.79,18.08,49.27,16.01,50.33
2026-03-05 12:00:00,17.3,18.18,62.7,57.0,18.37,47.91,17.74,46.95
2026-03-05 13:00:00,17.35,18.64,62.7,57.0,18.57,48.67,18.22,47.09
2026-03-05 14:00:00,17.5,19.13,63.55,57.0,18.58,48.95,19.14,45.54
2026-03-05 15:00:00,17.5,18.77,63.76,57.02,18.52,49.23,20.82,42.78
2026-03-05 16:00:00,17.5,19.24,64.7,58.0,18.15,49.58,22.48,39.31
2026-03-05 17:00:00,17.5,19.09,64.02,56.87,17.36,51.03,20.88,41.99
2026-03-05 18:00:00,17.4,18.35,61.61,56.32,16.24,54.04,16.79,53.18
2026-03-05 19:00:00,17.81,18.8,64.87,58.44,15.16,56.94,15.38,56.92
2026-03-05 20:00:00,18.54,19.7,65.65,56.8,14.56,59.38,15.27,58.64
2026-03-05 21:00:00,18.8,19.9,65.6,57.79,14.07,61.09,14.76,60.77
2026-03-05 22:00:00,18.57,19.57,65.96,59.58,13.42,61.76,13.94,61.69
2026-03-05 23:00:00,18.5,19.19,67.6,59.32,13.12,63.17,13.53,62.97
2026-03-06 00:00:00,18.31,19.1,67.6,61.41,13.2,64.53,13.5,63.83
2026-03-06 01:00:00,18.1,18.97,67.6,62.54,13.15,63.25,13.5,63.4
2026-03-06 02:00:00,18.1,18.9,67.6,63.76,13.11,62.83,13.5,63.4
2026-03-06 03:00:00,17.93,18.9,68.04,64.66,12.79,64.87,13.5,63.4
2026-03-06 04:00:00,17.9,18.85,68.6,65.26,12.37,64.82,12.95,64.15
2026-03-06 05:00:00,17.9,18.7,68.6,65.8,11.82,65.18,11.88,65.39
2026-03-06 06:00:00,17.77,18.7,68.94,65.8,11.34,65.51,11.36,66.34
2026-03-06 07:00:00,17.77,18.62,69.6,64.48,11.28,66.06,11.2,66.7
2026-03-06 08:00:00,17.75,18.1,62.35,57.82,13.61,62.24,11.52,65.81
2026-03-06 09:00:00,17.86,18.26,63.35,59.84,15.15,56.45,13.83,58.71
2026-03-06 10:00:00,17.9,18.3,64.67,60.52,15.79,54.1,15.0,55.27
2026-03-06 11:00:00,17.9,18.31,65.6,61.2,15.44,53.31,15.47,52.94
2026-03-06 12:00:00,17.9,18.59,65.6,61.2,15.88,52.52,17.19,49.46
2026-03-06 13:00:00,17.9,18.98,66.18,61.2,16.26,51.3,18.5,45.7
2026-03-06 14:00:00,18.0,19.21,67.6,62.19,16.24,51.39,18.5,45.43
2026-03-06 15:00:00,18.3,19.63,67.6,61.87,16.01,51.73,18.6,44.97
2026-03-06 16:00:00,18.87,20.02,67.6,61.2,15.83,52.39,18.27,45.71
2026-03-06 17:00:00,18.67,19.63,67.6,62.16,15.59,53.69,17.89,47.45
2026-03-06 18:00:00,18.45,19.23,67.6,63.05,14.69,55.26,16.36,50.34
2026-03-06 19:00:00,18.3,18.97,67.13,62.66,13.65,57.04,14.4,54.84
2026-03-06 20:00:00,18.3,18.87,67.4,62.1,13.09,57.83,13.75,56.44
2026-03-06 21:00:00,18.3,18.7,66.52,61.39,12.76,58.04,13.17,57.78
2026-03-06 22:00:00,18.23,18.79,66.33,61.35,12.34,59.37,12.58,60.13
2026-03-06 23:00:00,18.1,18.8,66.6,62.1,11.7,58.5,11.9,58.81
2026-03-07 00:00:00,18.1,18.7,66.33,62.1,11.33,56.98,11.72,55.74
2026-03-07 01:00:00,18.1,18.7,65.6,63.07,11.23,55.0,11.66,52.2
2026-03-07 02:00:00,17.92,18.7,65.6,63.1,10.98,54.79,11.33,52.7
2026-03-07 03:00:00,17.9,18.55,66.13,64.0,10.93,54.11,11.24,52.33
2026-03-07 04:00:00,17.9,18.5,66.6,64.1,10.78,55.36,10.98,54.62
2026-03-07 05:00:00,17.81,18.5,66.6,64.1,10.77,55.88,10.86,55.57
2026-03-07 06:00:00,17.7,18.48,66.6,64.1,11.02,57.49,10.96,57.95
2026-03-07 07:00:00,17.7,18.3,66.6,64.98,11.14,60.58,10.97,63.24
2026-03-07 08:00:00,17.8,18.25,67.2,63.09,13.57,60.57,11.86,65.07
2026-03-07 09:00:00,17.9,17.81,67.77,57.66,14.28,59.25,12.79,65.04
2026-03-07 10:00:00,17.83,18.12,65.16,61.86,13.75,60.0,13.42,62.35
2026-03-07 11:00:00,18.21,19.04,63.41,58.47,14.22,56.46,14.8,55.17
2026-03-07 12:00:00,18.17,18.9,62.9,58.23,15.29,51.73,16.88,47.25
2026-03-07 13:00:00,18.13,19.1,63.67,57.36,15.64,50.68,17.93,44.44
2026-03-07 14:00:00,18.3,19.6,67.0,60.25,15.64,50.15,18.86,42.43
2026-03-07 15:00:00,18.16,20.26,64.07,59.96,15.65,49.67,20.79,38.88
2026-03-07 16:00:00,18.14,20.86,63.9,57.99,15.24,50.05,23.22,34.25
2026-03-07 17:00:00,18.3,20.55,64.23,57.37,14.34,49.69,21.87,33.22
2026-03-07 18:00:00,18.23,19.64,61.75,54.86,13.27,52.02,16.65,41.32
2026-03-07 19:00:00,18.73,19.45,66.92,59.63,12.0,53.18,14.0,45.73
2026-03-07 20:00:00,18.75,19.29,67.6,61.65,11.19,56.03,12.79,50.13
2026-03-07 21:00:00,18.7,19.2,68.26,63.5,10.73,57.75,12.1,53.08
2026-03-07 22:00:00,18.55,18.93,67.89,62.29,10.5,57.85,11.59,54.24
2026-03-07 23:00:00,18.34,18.9,68.6,62.01,10.36,59.73,11.08,57.62
2026-03-08 00:00:00,18.26,18.9,68.46,62.8,10.22,61.76,10.65,60.66
2026-03-08 01:00:00,18.1,18.85,66.84,63.72,10.04,62.85,10.44,61.82
2026-03-08 02:00:00,18.0,18.7,66.16,64.47,9.92,62.55,10.28,62.27
2026-03-08 03:00:00,17.9,18.7,66.53,64.8,9.8,62.78,10.13,62.57
2026-03-08 04:00:00,17.89,18.62,66.42,64.58,9.68,62.82,9.9,62.65
2026-03-08 05:00:00,17.7,18.5,66.39,63.8,9.5,63.46,9.67,64.0
2026-03-08 06:00:00,17.7,18.5,66.3,63.68,9.36,64.53,9.43,65.65
2026-03-08 07:00:00,17.6,18.31,66.3,62.8,9.12,64.75,9.16,66.96
2026-03-08 08:00:00,17.59,18.11,66.27,59.28,10.01,65.21,9.77,66.92
2026-03-08 09:00:00,17.36,17.86,60.44,55.89,11.89,61.65,11.37,63.14
2026-03-08 10:00:00,18.04,18.96,58.6,55.58,12.53,59.41,12.25,59.93
2026-03-08 11:00:00,18.87,19.71,58.66,55.12,13.53,57.01,13.84,55.74
2026-03-08 12:00:00,19.0,19.94,60.57,55.97,13.97,55.49,15.29,51.54
2026-03-08 13:00:00,18.73,19.98,63.91,57.62,14.44,54.01,16.69,47.92
2026-03-08 14:00:00,18.7,20.38,66.87,59.4,14.7,53.18,18.1,44.64
2026-03-08 15:00:00,18.55,20.6,67.2,59.26,14.34,52.79,19.49,41.54
2026-03-08 16:00:00,18.3,20.67,64.75,57.72,14.04,53.56,22.52,35.84
2026-03-08 17:00:00,18.31,20.09,65.03,55.33,13.46,54.78,21.42,36.16
2026-03-08 18:00:00,18.43,19.43,64.9,55.55,12.37,57.11,15.74,45.7
2026-03-08 19:00:00,19.0,20.04,64.23,57.34,11.31,59.72,13.13,52.76
2026-03-08 20:00:00,19.48,20.39,66.09,58.49,10.74,61.19,12.08,56.18
2026-03-08 21:00:00,19.32,19.97,65.74,59.21,10.26,62.41,11.24,59.13
2026-03-08 22:00:00,18.99,19.7,65.66,57.23,9.79,61.61,10.41,58.51
2026-03-08 23:00:00,18.76,19.41,65.08,53.9,9.45,60.85,9.98,57.99
2026-03-09 00:00:00,18.61,19.3,65.3,56.34,9.24,59.0,9.68,55.46
2026-03-09 01:00:00,18.47,19.3,65.3,58.63,9.05,58.38,9.51,55.57
2026-03-09 02:00:00,18.3,19.11,65.3,60.49,9.15,58.42,9.43,56.06
2026-03-09 03:00:00,18.21,19.1,65.3,61.68,9.07,56.95,9.33,54.43
2026-03-09 04:00:00,18.1,18.98,65.3,62.4,9.0,56.87,9.2,54.94
2026-03-09 05:00:00,18.0,18.9,65.3,62.4,8.97,56.71,9.16,54.76
2026-03-09 06:00:00,17.9,18.81,65.12,62.74,8.9,57.19,9.06,55.78
2026-03-09 07:00:00,17.77,18.58,61.86,60.18,8.98,58.39,8.99,57.89
2026-03-09 08:00:00,17.83,18.05,58.96,54.34,10.26,58.23,9.7,58.14
2026-03-09 09:00:00,17.45,18.1,53.97,53.75,11.71,56.2,10.52,57.25
2026-03-09 10:00:00,17.5,18.1,56.02,53.5,11.87,54.8,11.18,55.28
2026-03-09 11:00:00,17.5,18.1,56.7,53.82,12.35,54.21,12.74,52.27
2026-03-09 12:00:00,17.5,18.19,56.7,52.63,12.94,53.23,14.4,48.71
2026-03-09 13:00:00,17.5,18.72,56.7,51.46,13.48,53.43,15.84,47.13
2026-03-09 14:00:00,17.5,19.07,57.01,49.89,13.53,52.36,16.83,43.34
2026-03-09 15:00:00,17.5,18.84,57.7,51.94,13.36,51.78,18.42,39.85
2026-03-09 16:00:00,17.39,18.83,57.7,52.55,13.25,52.67,22.28,34.38
2026-03-09 17:00:00,17.3,18.94,57.06,49.71,12.38,54.7,21.26,34.7
2026-03-09 18:00:00,17.46,18.63,57.4,50.63,11.22,56.46,15.0,43.74
2026-03-09 19:00:00,18.26,19.44,60.04,52.47,10.2,57.88,12.17,50.02
2026-03-09 20:00:00,18.68,19.83,61.11,53.63,9.6,59.06,10.95,53.35
2026-03-09 21:00:00,18.74,19.86,64.64,56.93,9.22,59.7,10.24,55.38
2026-03-09 22:00:00,18.36,19.48,63.47,57.35,9.01,59.97,9.7,56.47
2026-03-09 23:00:00,18.21,19.14,64.05,57.34,8.97,59.25,9.6,55.99
2026-03-10 00:00:00,17.99,18.9,64.2,58.59,9.0,60.28,9.47,58.4
2026-03-10 01:00:00,17.85,18.85,64.2,59.8,9.16,61.7,9.43,60.76
2026-03-10 02:00:00,17.7,18.7,64.2,60.0,9.29,61.08,9.49,59.96
2026-03-10 03:00:00,17.61,18.69,64.2,60.33,9.3,60.17,9.42,59.01
2026-03-10 04:00:00,17.5,18.5,64.2,61.0,9.21,60.34,9.26,59.62
2026-03-10 05:00:00,17.44,18.43,64.2,61.0,9.16,60.87,9.19,60.65
2026-03-10 06:00:00,17.05,18.3,59.85,61.0,9.1,61.89,9.06,61.97
2026-03-10 07:00:00,16.64,17.93,54.12,55.34,9.29,61.97,9.33,62.17
2026-03-10 08:00:00,17.1,17.45,56.91,49.96,11.27,59.6,10.42,59.69
2026-03-10 09:00:00,16.89,17.5,52.45,51.7,12.76,56.27,11.51,57.23
2026-03-10 10:00:00,17.1,17.6,54.68,51.76,13.73,53.95,12.78,54.19
2026-03-10 11:00:00,17.1,17.7,55.44,52.65,14.35,51.99,14.38,50.33
2026-03-10 12:00:00,16.84,17.69,52.6,49.46,14.57,51.19,15.95,46.75
2026-03-10 13:00:00,16.91,18.21,53.81,48.87,14.76,50.64,17.12,43.99
2026-03-10 14:00:00,17.1,18.9,55.75,49.18,14.78,50.25,18.17,41.64
2026-03-10 15:00:00,17.1,18.64,57.51,51.27,14.75,50.45,19.72,38.99
2026-03-10 16:00:00,17.1,18.54,58.1,51.87,14.52,50.96,22.31,34.74
2026-03-10 17:00:00,17.1,18.42,58.1,50.95,13.76,52.64,19.08,38.68
2026-03-10 18:00:00,17.1,18.12,58.46,52.66,12.68,54.42,15.2,45.79
2026-03-10 19:00:00,17.47,18.58,60.3,54.01,11.87,56.12,13.4,50.38
2026-03-10 20:00:00,19.05,20.05,58.38,50.35,11.09,57.41,12.2,53.65
2026-03-10 21:00:00,19.24,20.06,57.77,50.99,10.57,60.39,11.52,59.31
2026-03-10 22:00:00,18.59,19.38,59.03,52.48,10.09,62.29,10.91,61.93
2026-03-10 23:00:00,18.3,19.01,59.5,54.65,9.68,62.91,10.37,62.92
2026-03-11 00:00:00,18.01,18.86,59.5,56.62,9.43,64.23,10.01,64.41
2026-03-11 01:00:00,17.85,18.7,59.5,57.4,9.09,64.59,9.63,64.92
2026-03-11 02:00:00,17.7,18.55,59.5,57.4,8.69,63.6,9.25,65.3
2026-03-11 03:00:00,17.6,18.5,59.5,57.4,8.34,63.41,8.84,65.25
2026-03-11 04:00:00,17.5,18.3,59.5,57.4,8.34,63.01,8.69,64.92
2026-03-11 05:00:00,17.43,18.3,59.5,57.4,7.94,62.96,8.29,65.7
2026-03-11 06:00:00,17.3,18.11,59.5,57.4,7.95,62.18,8.48,61.81
2026-03-11 07:00:00,17.08,18.05,54.66,56.51,8.36,60.99,8.86,59.39
2026-03-11 08:00:00,17.1,17.35,54.99,47.86,9.99,59.11,9.8,57.27
2026-03-11 09:00:00,17.05,17.5,50.09,49.76,12.57,54.57,11.41,53.28
2026-03-11 10:00:00,17.1,17.52,52.34,49.8,14.81,49.81,13.11,48.18
2026-03-11 11:00:00,17.1,17.7,53.17,49.8,16.05,46.86,14.62,43.62
2026-03-11 12:00:00,17.1,17.84,53.4,49.8,16.45,45.18,16.48,40.03
2026-03-11 13:00:00,17.1,18.3,53.47,48.71,16.72,43.82,17.43,37.51
2026-03-11 14:00:00,17.1,18.58,54.77,49.84,16.83,45.96,18.06,40.83
2026-03-11 15:00:00,17.1,18.2,55.61,51.6,16.0,48.62,17.05,44.96
2026-03-11 16:00:00,17.1,18.1,56.4,52.65,15.38,50.64,16.36,47.14
2026-03-11 17:00:00,17.16,18.03,56.28,51.56,14.9,51.56,15.58,48.9
2026-03-11 18:00:00,17.3,18.08,57.21,51.84,14.2,52.84,14.49,52.14
2026-03-11 19:00:00,17.48,18.32,58.19,51.42,13.2,55.19,13.0,57.55
2026-03-11 20:00:00,18.46,19.35,60.11,52.92,12.13,57.46,12.16,60.04
2026-03-11 21:00:00,18.55,19.41,60.3,54.4,11.25,58.45,11.42,62.15
2026-03-11 22:00:00,18.15,18.89,61.03,53.71,10.55,59.7,10.72,63.39
2026-03-11 23:00:00,17.96,18.53,61.3,53.82,10.0,60.58,10.25,64.6
2026-03-12 00:00:00,17.73,18.39,61.3,55.44,9.68,62.23,9.82,66.94
2026-03-12 01:00:00,17.63,18.3,61.3,56.4,9.43,64.13,9.45,69.56
2026-03-12 02:00:00,17.5,18.17,61.3,56.4,9.08,63.34,9.15,70.98
2026-03-12 03:00:00,17.48,18.1,61.29,56.4,8.83,63.22,8.88,72.14
2026-03-12 04:00:00,17.3,18.05,60.3,56.4,8.53,63.53,8.58,69.51
2026-03-12 05:00:00,17.3,17.9,60.3,56.4,8.2,63.01,8.26,68.07
2026-03-12 06:00:00,17.11,17.9,57.97,56.4,7.88,62.79,7.88,67.91
2026-03-12 07:00:00,16.66,17.7,51.69,54.81,8.52,62.73,8.39,66.08
2026-03-12 08:00:00,17.1,17.26,54.76,50.33,12.13,59.84,10.18,62.17
2026-03-12 09:00:00,17.1,17.5,51.43,51.3,14.8,51.53,12.2,50.71
2026-03-12 10:00:00,17.1,17.5,53.66,51.65,16.5,46.49,13.86,46.07
2026-03-12 11:00:00,17.1,17.5,54.52,52.3,17.36,43.84,15.45,41.63
2026-03-12 12:00:00,17.1,17.66,55.81,52.3,17.54,43.3,16.82,39.88
2026-03-12 13:00:00,17.1,17.97,55.71,50.93,17.12,42.93,17.63,38.32
2026-03-12 14:00:00,17.18,18.37,57.0,53.05,16.53,44.02,18.13,38.82
2026-03-12 15:00:00,17.26,18.22,57.57,53.1,16.71,45.54,19.87,38.47
2026-03-12 16:00:00,17.1,18.1,58.0,53.58,15.79,47.53,20.0,38.4
2026-03-12 17:00:00,17.1,18.3,58.0,52.96,15.28,48.98,21.28,36.55
2026-03-12 18:00:00,17.15,18.09,59.25,54.6,14.69,50.97,17.01,45.46
2026-03-12 19:00:00,17.36,18.11,62.69,59.17,13.65,55.64,14.27,56.13
2026-03-12 20:00:00,18.32,19.12,63.85,60.99,12.67,57.38,13.24,60.08
2026-03-12 21:00:00,18.58,19.23,63.0,58.07,11.89,58.25,12.3,62.42
2026-03-12 22:00:00,18.19,18.99,63.0,57.8,11.13,58.73,11.44,62.93
2026-03-12 23:00:00,17.94,18.7,62.28,56.5,10.51,59.2,10.77,63.88
2026-03-13 00:00:00,17.76,18.7,62.0,56.5,10.08,58.52,10.29,61.21
2026-03-13 01:00:00,17.7,18.7,61.15,56.5,9.62,56.81,9.94,56.32
2026-03-13 02:00:00,17.51,18.7,61.0,56.5,9.09,56.55,9.3,57.92
2026-03-13 03:00:00,17.5,18.7,61.0,56.5,9.1,58.63,9.26,62.33
2026-03-13 04:00:00,17.4,18.7,61.0,56.5,9.12,58.88,9.14,62.72
2026-03-13 05:00:00,17.3,18.7,60.46,56.5,8.97,60.74,9.02,65.57
2026-03-13 06:00:00,17.07,,57.19,,9.1,62.84,8.99,69.13
2026-03-13 07:00:00,16.54,,55.08,,9.31,64.36,9.16,70.4
2026-03-13 08:00:00,17.83,,55.8,,10.54,64.4,10.18,68.95
2026-03-13 09:00:00,17.52,,53.05,,12.1,61.23,11.17,64.85
2026-03-13 10:00:00,17.5,17.9,54.38,51.5,13.33,56.85,12.46,57.93
2026-03-13 11:00:00,17.5,17.9,55.44,52.48,14.2,53.06,14.31,51.2
2026-03-13 12:00:00,17.5,17.98,55.8,52.5,14.74,52.51,16.18,48.29
2026-03-13 13:00:00,17.34,18.38,56.26,51.61,14.74,51.72,17.19,45.55
2026-03-13 14:00:00,17.44,18.65,55.6,49.96,14.65,51.5,18.18,43.7
2026-03-13 15:00:00,17.3,18.69,56.38,50.97,14.47,51.17,19.73,39.7
2026-03-13 16:00:00,17.3,19.3,56.44,47.66,14.31,50.85,24.03,32.29
2026-03-13 17:00:00,17.3,19.01,55.2,47.66,13.77,50.91,23.06,31.14
2026-03-13 18:00:00,17.62,18.9,54.57,47.92,12.72,51.58,16.65,38.5
2026-03-13 19:00:00,17.9,19.11,54.7,49.56,11.43,51.06,13.23,42.39
2026-03-13 20:00:00,17.73,18.63,55.07,50.82,10.65,49.72,12.18,41.61
2026-03-13 21:00:00,17.7,18.41,56.24,52.01,10.08,49.61,11.28,43.42
2026-03-13 22:00:00,17.7,18.3,58.13,53.52,9.61,51.85,10.39,48.2
2026-03-13 23:00:00,17.51,18.3,58.7,55.08,9.18,54.09,9.68,52.29
2026-03-14 00:00:00,17.5,18.3,59.34,56.35,8.84,54.51,9.2,52.88
2026-03-14 01:00:00,17.35,18.2,59.7,57.3,8.62,55.0,8.97,53.82
2026-03-14 02:00:00,17.3,18.1,60.2,57.71,8.5,55.37,8.87,54.29
2026-03-14 03:00:00,17.3,18.1,60.7,58.3,8.58,55.4,8.93,54.39
2026-03-14 04:00:00,17.1,18.03,60.76,58.3,8.7,56.57,8.86,56.89
2026-03-14 05:00:00,17.1,17.9,61.7,58.3,8.76,59.4,8.8,61.53
2026-03-14 06:00:00,17.1,17.9,61.7,58.3,8.87,61.38,8.75,64.63
2026-03-14 07:00:00,16.91,17.79,61.7,58.3,9.24,62.79,9.03,66.33
2026-03-14 08:00:00,17.12,17.48,61.14,54.92,11.12,61.92,10.14,65.38
2026-03-14 09:00:00,16.81,17.93,55.36,53.57,12.19,59.49,11.34,61.93
2026-03-14 10:00:00,17.19,17.91,58.25,54.2,13.05,56.81,12.44,57.19
2026-03-14 11:00:00,17.22,18.1,59.06,54.78,13.79,53.42,13.94,51.11
2026-03-14 12:00:00,18.45,19.48,64.82,56.06,14.42,49.59,15.9,43.51
2026-03-14 13:00:00,19.06,19.98,60.91,50.23,14.83,46.85,17.79,38.21
2026-03-14 14:00:00,18.62,20.43,49.34,50.68,15.09,45.27,19.11,34.59
2026-03-14 15:00:00,18.47,20.41,46.75,43.55,15.34,45.01,20.68,33.0
2026-03-14 16:00:00,18.3,19.86,50.88,45.34,14.79,46.47,20.53,33.35
2026-03-14 17:00:00,18.3,19.39,53.04,45.9,13.78,46.55,18.5,34.18
2026-03-14 18:00:00,18.35,19.12,60.5,49.16,12.88,46.57,16.03,36.4
2026-03-14 19:00:00,18.47,19.05,63.79,55.06,11.95,46.99,13.48,40.36
2026-03-14 20:00:00,18.16,18.76,61.6,54.35,11.24,48.17,12.3,43.56
2026-03-14 21:00:00,18.1,18.7,62.96,55.61,10.7,48.17,11.53,44.05
2026-03-14 22:00:00,18.1,18.59,63.7,56.0,10.14,47.71,10.79,43.81
2026-03-14 23:00:00,18.03,18.5,63.7,56.0,9.61,48.29,10.14,44.95
2026-03-15 00:00:00,17.9,18.45,63.03,56.0,9.09,51.83,9.42,51.85
2026-03-15 01:00:00,17.74,18.3,62.38,56.0,8.98,54.82,9.17,56.38
2026-03-15 02:00:00,17.7,18.3,62.7,56.0,8.61,53.25,8.78,52.63
2026-03-15 03:00:00,17.61,18.23,62.7,56.0,8.19,51.47,8.45,49.97
2026-03-15 04:00:00,17.5,18.1,62.7,55.53,7.94,51.89,8.25,51.01
2026-03-15 05:00:00,17.5,18.03,62.7,55.0,7.59,52.56,7.83,53.38
2026-03-15 06:00:00,17.32,17.9,62.7,55.0,7.2,54.62,7.48,56.35
2026-03-15 07:00:00,17.3,17.89,62.19,55.0,7.29,56.05,7.47,58.2
2026-03-15 08:00:00,17.46,17.62,61.96,53.33,10.86,54.19,8.81,53.82
2026-03-15 09:00:00,17.5,16.79,62.4,43.63,14.0,47.62,10.6,49.64
2026-03-15 10:00:00,17.44,17.24,56.61,51.12,15.96,44.48,12.2,47.85
2026-03-15 11:00:00,16.78,17.17,48.23,46.17,15.47,44.8,13.97,47.24
2026-03-15 12:00:00,17.37,18.04,51.32,46.85,14.73,47.0,15.87,44.45
2026-03-15 13:00:00,17.85,18.63,52.93,49.06,14.9,47.17,17.34,41.81
2026-03-15 14:00:00,17.9,18.61,58.85,52.01,14.92,45.6,18.44,37.96
2026-03-15 15:00:00,17.74,18.7,60.2,53.59,15.0,45.36,19.09,36.28
2026-03-15 16:00:00,17.7,18.74,62.28,56.59,14.84,45.99,19.21,36.63
2026-03-15 17:00:00,17.92,19.11,62.86,57.34,14.24,48.16,18.2,38.94
2026-03-15 18:00:00,19.04,19.79,62.01,57.58,13.2,50.52,15.5,44.1
2026-03-15 19:00:00,18.9,19.27,65.18,61.75,11.96,51.96,13.53,47.54
2026-03-15 20:00:00,18.75,18.96,64.88,63.51,11.02,52.96,12.33,50.07
2026-03-15 21:00:00,18.45,18.74,64.69,61.62,10.64,53.82,11.91,51.94
2026-03-15 22:00:00,18.25,18.7,64.69,61.0,10.19,54.37,11.24,53.93
2026-03-15 23:00:00,18.1,18.51,64.7,61.0,9.72,54.49,10.71,53.73
2026-03-16 00:00:00,17.99,18.48,64.0,61.0,9.37,56.95,10.21,56.42
2026-03-16 01:00:00,17.9,18.3,64.0,61.0,9.22,57.23,10.1,56.51
2026-03-16 02:00:00,17.76,18.3,64.0,60.15,9.17,59.19,9.98,58.48
2026-03-16 03:00:00,17.7,18.18,64.26,60.0,8.79,59.59,9.48,60.61
2026-03-16 04:00:00,17.66,18.1,65.0,60.0,8.52,62.12,9.2,63.3
2026-03-16 05:00:00,17.5,18.06,65.0,59.51,8.84,63.71,9.35,64.04
2026-03-16 06:00:00,17.26,17.9,60.35,58.3,9.53,62.28,9.78,61.81
2026-03-16 07:00:00,16.9,17.71,53.88,54.78,9.94,61.22,10.07,61.2
2026-03-16 08:00:00,17.3,17.39,56.6,52.44,11.6,59.85,11.05,60.64
2026-03-16 09:00:00,17.3,17.5,57.57,54.45,13.32,55.02,12.17,56.05
2026-03-16 10:00:00,17.3,17.5,57.6,54.9,14.63,50.74,13.6,51.08
2026-03-16 11:00:00,17.3,17.5,57.6,54.9,15.25,47.53,15.4,45.83
2026-03-16 12:00:00,17.3,17.5,57.6,54.51,15.13,47.13,16.29,43.52
2026-03-16 13:00:00,17.3,17.51,57.11,51.66,15.45,45.61,17.19,40.82
2026-03-16 14:00:00,17.57,18.1,58.6,53.42,15.41,46.85,16.78,42.77
2026-03-16 15:00:00,17.9,18.61,58.96,54.01,15.25,47.28,17.38,41.81
2026-03-16 16:00:00,17.9,18.49,59.86,55.46,15.01,46.66,18.33,38.93
2026-03-16 17:00:00,17.78,18.3,60.6,55.9,14.71,49.06,16.58,44.49
2026-03-16 18:00:00,17.7,18.08,60.6,55.94,14.07,51.64,14.92,49.62
2026-03-16 19:00:00,18.61,19.07,61.07,56.46,13.0,54.63,13.85,54.1
2026-03-16 20:00:00,19.97,20.13,61.3,55.94,12.11,57.73,12.89,58.09
2026-03-16 21:00:00,19.64,19.81,62.18,57.4,11.55,58.56,12.35,60.1
2026-03-16 22:00:00,19.09,19.35,62.31,57.45,11.0,59.93,11.58,61.82
2026-03-16 23:00:00,18.74,18.91,61.83,56.77,10.57,61.02,10.89,63.14
2026-03-17 00:00:00,18.52,18.7,61.7,57.71,10.27,60.71,10.53,62.94
2026-03-17 01:00:00,18.3,18.7,61.7,58.92,10.04,59.25,10.31,59.18
2026-03-17 02:00:00,18.12,18.52,61.47,60.31,9.84,57.38,10.16,56.39
2026-03-17 03:00:00,18.08,18.5,60.7,61.44,10.0,59.56,10.29,59.7
2026-03-17 04:00:00,17.9,18.5,60.7,62.33,10.45,60.43,10.56,60.49
2026-03-17 05:00:00,17.86,18.3,60.7,63.2,10.54,60.64,10.52,61.69
2026-03-17 06:00:00,17.68,18.3,59.79,63.2,10.39,62.92,10.3,65.55
2026-03-17 07:00:00,17.44,18.27,55.99,61.68,10.51,63.32,10.39,65.5
2026-03-17 08:00:00,17.68,17.64,58.34,53.2,11.22,62.45,11.11,63.99
2026-03-17 09:00:00,17.3,17.65,54.36,53.0,12.09,60.21,11.86,60.76
2026-03-17 10:00:00,17.3,17.7,55.6,53.92,12.24,58.16,12.18,57.97
2026-03-17 11:00:00,17.3,17.7,56.11,54.0,12.41,55.97,12.35,54.45
2026-03-17 12:00:00,17.3,17.54,56.04,54.0,12.57,54.47,12.63,52.63
2026-03-17 13:00:00,17.35,17.68,56.86,54.0,12.54,54.45,12.78,53.3
2026-03-17 14:00:00,18.11,18.67,57.99,54.0,12.49,55.38,12.7,54.68
2026-03-17 15:00:00,18.55,19.18,58.6,54.0,12.12,54.63,12.55,53.0
2026-03-17 16:00:00,18.61,19.1,58.6,54.84,11.95,51.78,12.51,49.29
2026-03-17 17:00:00,18.37,18.9,58.78,55.75,11.22,53.12,11.54,51.89
2026-03-17 18:00:00,18.41,19.07,60.78,57.07,10.75,53.68,11.08,52.3
2026-03-17 19:00:00,18.82,19.49,62.39,58.0,10.7,54.08,10.93,52.97
2026-03-17 20:00:00,18.9,19.49,63.69,59.01,10.66,54.78,10.85,54.0
2026-03-17 21:00:00,18.64,19.14,64.48,61.24,10.6,55.65,10.8,55.02
2026-03-17 22:00:00,18.48,18.84,63.97,61.1,10.6,55.83,10.75,55.38
2026-03-17 23:00:00,18.28,18.67,63.7,61.1,10.51,55.92,10.7,55.35
2026-03-18 00:00:00,18.1,18.5,63.7,61.66,10.46,56.45,10.65,56.32
2026-03-18 01:00:00,17.92,18.46,63.7,62.81,10.25,58.76,10.44,59.14
2026-03-18 02:00:00,17.87,18.3,63.7,63.82,10.2,59.78,10.4,60.11
2026-03-18 03:00:00,17.7,18.25,63.7,64.1,10.23,60.53,10.38,60.94
2026-03-18 04:00:00,17.7,18.1,63.7,64.1,10.14,63.79,10.16,65.16
2026-03-18 05:00:00,17.52,18.1,63.7,64.1,10.19,66.3,10.17,67.97
2026-03-18 06:00:00,17.31,18.14,60.74,63.73,10.3,67.25,10.28,68.91
2026-03-18 07:00:00,18.48,19.33,56.49,58.0,10.48,68.08,10.43,69.88
2026-03-18 08:00:00,18.49,18.91,58.57,56.15,10.86,68.57,10.92,69.99
2026-03-18 09:00:00,18.13,18.48,59.58,57.1,11.21,68.85,11.28,70.07
2026-03-18 10:00:00,17.91,18.29,60.25,57.52,11.81,68.41,12.0,69.08
2026-03-18 11:00:00,17.75,18.1,60.6,58.1,11.74,69.13,11.94,69.82
2026-03-18 12:00:00,17.7,18.04,60.6,58.1,12.02,69.37,12.19,70.06
2026-03-18 13:00:00,17.85,18.29,60.9,58.1,12.15,69.29,12.26,69.99
2026-03-18 14:00:00,18.63,19.32,61.6,58.1,12.49,68.3,13.41,66.6
2026-03-18 15:00:00,19.05,19.61,61.4,58.1,12.42,67.82,13.14,66.11
2026-03-18 16:00:00,19.1,19.89,60.6,58.1,12.01,69.19,12.41,68.76
2026-03-18 17:00:00,18.98,19.5,60.94,58.17,11.56,69.95,11.88,69.71
2026-03-18 18:00:00,18.71,19.01,62.2,59.45,11.27,70.36,11.48,70.23
2026-03-18 19:00:00,18.5,18.74,63.75,61.33,11.09,70.05,11.3,70.01
2026-03-18 20:00:00,19.02,19.55,65.79,62.1,10.96,70.69,11.07,70.9
2026-03-18 21:00:00,18.85,19.28,67.52,62.64,10.81,71.34,10.9,71.67
2026-03-18 22:00:00,18.57,18.97,68.6,64.1,10.7,71.01,10.83,71.13
2026-03-18 23:00:00,18.39,18.72,68.34,64.1,10.53,70.85,10.72,70.62
2026-03-19 00:00:00,18.26,18.7,67.62,64.1,10.28,70.86,10.52,70.66
2026-03-19 01:00:00,18.1,18.52,67.6,64.1,10.11,70.67,10.32,70.33
2026-03-19 02:00:00,17.93,18.4,67.6,64.1,10.04,70.57,10.3,70.27
2026-03-19 03:00:00,17.89,18.3,67.6,64.1,9.9,70.13,10.15,69.6
2026-03-19 04:00:00,17.7,18.16,67.6,64.1,9.7,69.3,10.03,68.5
2026-03-19 05:00:00,17.7,18.1,67.6,64.1,9.59,67.81,9.93,66.65
2026-03-19 06:00:00,17.52,17.99,67.2,63.47,9.5,67.6,9.8,66.35
2026-03-19 07:00:00,17.5,17.9,66.95,63.1,9.51,67.37,9.82,66.21
2026-03-19 08:00:00,17.5,17.73,65.73,60.64,9.67,67.17,10.02,66.12
2026-03-19 09:00:00,17.57,18.02,65.54,60.1,9.9,67.36,10.22,66.41
2026-03-19 10:00:00,18.22,18.79,64.6,59.23,10.11,67.62,10.47,66.81
2026-03-19 11:00:00,18.36,18.9,64.15,59.1,9.97,67.83,10.27,67.12
2026-03-19 12:00:00,18.31,18.89,63.29,58.88,9.85,68.5,10.16,67.95
2026-03-19 13:00:00,18.39,18.7,62.6,59.13,10.33,67.41,10.9,65.79
2026-03-19 14:00:00,18.37,18.63,63.46,60.24,10.83,65.59,11.5,62.98
2026-03-19 15:00:00,18.13,18.5,63.6,61.1,10.47,65.64,10.74,64.25
2026-03-19 16:00:00,18.62,18.75,63.6,61.1,10.35,66.38,10.6,65.45
2026-03-19 17:00:00,18.96,18.9,62.69,61.02,9.79,68.48,10.07,68.43
2026-03-19 18:00:00,19.3,19.18,61.42,60.51,9.31,70.76,9.54,70.96
2026-03-19 19:00:00,19.97,20.28,62.37,60.49,8.83,72.32,9.09,72.57
2026-03-19 20:00:00,19.88,20.02,62.58,60.31,8.41,74.06,8.73,73.61
2026-03-19 21:00:00,19.31,19.55,64.8,62.7,8.07,74.52,8.44,73.76
2026-03-19 22:00:00,18.99,19.09,65.9,63.1,7.89,72.86,8.3,71.62
2026-03-19 23:00:00,18.68,18.83,65.19,63.73,7.7,72.83,8.08,71.86
2026-03-20 00:00:00,18.41,18.69,64.9,64.1,7.32,74.79,7.7,74.08
2026-03-20 01:00:00,18.2,18.5,64.06,64.1,6.99,75.76,7.3,74.77
2026-03-20 02:00:00,18.05,18.4,63.8,64.1,6.66,76.87,6.98,76.27
2026-03-20 03:00:00,17.9,18.26,63.8,64.1,6.57,77.82,6.98,77.27
2026-03-20 04:00:00,17.7,18.1,63.8,64.1,6.38,78.89,6.8,78.47
2026-03-20 05:00:00,17.59,17.97,63.8,64.1,6.26,78.5,6.66,77.65
2026-03-20 06:00:00,17.5,17.9,63.8,64.29,6.1,78.81,6.51,77.87
2026-03-20 07:00:00,17.3,17.72,60.5,63.01,6.26,78.69,6.69,77.63
2026-03-20 08:00:00,16.44,16.75,55.98,56.46,6.68,77.58,7.19,76.22
2026-03-20 09:00:00,17.52,17.88,55.53,54.65,7.09,75.97,7.58,74.43
2026-03-20 10:00:00,18.68,18.98,55.0,54.0,7.14,75.01,7.55,73.74
2026-03-20 11:00:00,18.97,19.27,55.08,54.0,7.48,73.85,7.96,72.4
2026-03-20 12:00:00,18.45,18.64,56.61,54.47,7.79,72.37,8.2,70.73
2026-03-20 13:00:00,18.11,18.37,57.33,55.0,8.42,70.43,8.76,68.55
2026-03-20 14:00:00,18.76,19.21,59.0,55.0,8.62,68.05,9.01,65.58
2026-03-20 15:00:00,19.03,19.54,59.0,55.0,8.62,66.62,9.15,64.55
2026-03-20 16:00:00,19.1,19.68,58.51,55.79,8.34,66.19,8.9,63.63
2026-03-20 17:00:00,18.82,19.18,60.11,56.34,8.24,66.21,8.82,63.64
2026-03-20 18:00:00,18.46,18.66,61.32,57.64,8.08,66.92,8.62,64.83
2026-03-20 19:00:00,18.31,18.63,61.0,58.14,7.99,67.62,8.47,65.6
2026-03-20 20:00:00,18.6,19.19,59.87,56.62,7.9,68.07,8.45,66.08
2026-03-20 21:00:00,18.7,19.3,58.89,56.0,7.9,67.56,8.43,65.32
2026-03-20 22:00:00,18.59,19.15,59.64,56.0,7.81,67.94,8.34,66.15
2026-03-20 23:00:00,18.28,18.61,60.3,56.0,7.58,70.18,7.97,69.09
2026-03-21 00:00:00,18.03,18.3,60.57,56.0,7.38,70.7,7.75,69.51
2026-03-21 01:00:00,17.82,18.1,60.3,56.48,7.09,72.15,7.53,71.39
2026-03-21 02:00:00,17.61,17.95,59.43,57.33,7.01,74.24,7.2,74.29
2026-03-21 03:00:00,17.49,17.85,59.3,58.0,7.11,73.98,7.35,73.77
2026-03-21 04:00:00,17.3,17.7,59.3,58.48,7.2,73.21,7.45,72.2
2026-03-21 05:00:00,17.22,17.57,59.3,59.0,7.09,73.47,7.45,72.68
2026-03-21 06:00:00,17.1,17.5,60.15,59.35,7.03,73.17,7.4,72.32
2026-03-21 07:00:00,16.96,17.5,60.3,60.0,7.21,73.13,7.57,72.23
2026-03-21 08:00:00,16.9,17.47,60.46,60.98,7.62,74.09,7.93,73.44
2026-03-21 09:00:00,16.9,17.23,61.3,61.0,8.5,73.26,8.59,72.89
2026-03-21 10:00:00,16.9,17.03,61.55,58.22,9.67,69.58,9.8,68.6
2026-03-21 11:00:00,17.5,17.97,56.21,54.67,10.55,65.55,11.1,63.16
2026-03-21 12:00:00,18.98,19.13,58.74,53.13,10.53,63.89,11.3,60.65
2026-03-21 13:00:00,19.42,19.48,63.37,55.08,10.65,62.57,11.78,58.76
2026-03-21 14:00:00,19.18,19.63,59.22,54.35,11.08,59.24,13.59,51.84
2026-03-21 15:00:00,18.63,19.06,56.75,51.77,10.86,59.26,13.28,51.46
2026-03-21 16:00:00,18.76,19.53,58.5,53.57,10.56,60.97,12.8,53.41
2026-03-21 17:00:00,19.08,19.8,58.6,55.29,10.28,61.41,11.77,55.57
2026-03-21 18:00:00,18.94,19.37,58.57,53.33,9.79,62.94,10.9,58.76
2026-03-21 19:00:00,18.87,19.37,59.31,54.67,9.35,64.16,10.22,60.65
2026-03-21 20:00:00,18.93,19.24,63.04,57.07,9.11,64.66,9.82,61.56
2026-03-21 21:00:00,18.58,18.88,60.87,55.87,9.06,64.98,9.74,62.13
2026-03-21 22:00:00,18.69,19.02,60.18,53.69,8.92,66.26,9.53,64.73
2026-03-21 23:00:00,18.38,18.8,61.0,54.97,8.76,67.65,9.34,66.73
2026-03-22 00:00:00,18.28,18.37,61.34,53.6,8.78,68.04,9.34,66.73
2026-03-22 01:00:00,18.06,18.18,62.0,55.12,8.63,68.24,9.21,66.9
2026-03-22 02:00:00,17.87,18.1,62.0,56.43,8.68,69.12,9.26,67.79
2026-03-22 03:00:00,17.7,17.94,62.0,57.6,8.49,70.05,8.82,69.63
2026-03-22 04:00:00,17.55,17.85,62.0,57.6,8.57,70.04,8.92,69.3
2026-03-22 05:00:00,17.5,17.7,62.0,57.99,8.64,71.66,8.88,71.71
2026-03-22 06:00:00,17.3,17.5,62.0,57.07,8.6,71.5,8.94,71.15
2026-03-22 07:00:00,17.28,17.43,61.24,56.72,8.99,71.3,9.37,70.44
2026-03-22 08:00:00,17.1,17.3,61.27,57.68,9.75,70.67,9.89,70.16
2026-03-22 09:00:00,17.07,17.19,60.66,56.9,10.42,69.59,10.63,68.32
2026-03-22 10:00:00,17.81,18.54,54.99,56.03,11.4,66.87,11.67,64.95
2026-03-22 11:00:00,19.3,19.67,58.85,57.55,11.93,65.41,12.4,62.84
2026-03-22 12:00:00,19.81,20.13,60.3,57.92,11.78,65.6,12.2,63.37
2026-03-22 13:00:00,20.1,20.37,59.43,56.94,11.79,64.93,12.27,62.5
2026-03-22 14:00:00,20.29,20.58,59.3,56.6,11.33,65.53,11.77,63.5
2026-03-22 15:00:00,19.73,19.99,60.84,57.48,11.28,65.99,11.88,63.32
2026-03-22 16:00:00,19.13,19.31,62.2,58.6,11.04,67.7,11.55,66.32
2026-03-22 17:00:00,18.79,18.93,62.3,59.59,10.96,67.7,11.6,65.19
2026-03-22 18:00:00,18.52,18.62,62.3,59.66,10.71,68.58,11.17,67.67
2026-03-22 19:00:00,19.08,19.46,61.78,59.37,10.24,71.33,10.61,71.73
2026-03-22 20:00:00,19.69,19.86,60.99,57.35,9.82,71.98,10.04,73.13
2026-03-22 21:00:00,19.1,19.13,60.8,57.22,9.36,71.84,9.46,73.04
2026-03-22 22:00:00,18.75,18.81,61.55,56.6,9.0,72.13,8.98,73.78
2026-03-22 23:00:00,18.57,18.55,63.0,56.75,8.83,71.8,8.81,73.38
2026-03-23 00:00:00,18.36,18.47,62.3,58.59,8.69,71.95,8.71,73.4
2026-03-23 01:00:00,18.18,18.3,62.3,60.22,8.31,72.4,8.29,74.37
2026-03-23 02:00:00,18.06,18.24,62.73,60.93,8.39,72.93,8.6,74.15
2026-03-23 03:00:00,17.9,18.1,63.3,61.73,8.85,73.19,8.85,74.25
2026-03-23 04:00:00,17.78,18.1,63.3,62.6,8.84,73.51,8.78,74.84
2026-03-23 05:00:00,17.7,17.9,63.3,62.61,8.7,73.34,8.5,74.73
2026-03-23 06:00:00,17.43,17.9,60.35,63.6,8.62,73.83,8.53,75.36
2026-03-23 07:00:00,17.16,17.77,56.01,62.7,9.55,73.68,8.97,75.56
2026-03-23 08:00:00,17.28,17.56,59.83,59.95,10.33,72.32,9.95,74.11
2026-03-23 09:00:00,16.77,17.02,55.58,55.09,10.74,71.4,11.0,70.83
2026-03-23 10:00:00,16.9,17.27,56.79,55.5,11.79,68.29,12.08,66.11
2026-03-23 11:00:00,16.9,17.3,57.51,56.48,12.13,65.92,12.76,62.49
2026-03-23 12:00:00,16.9,17.17,58.1,55.76,12.19,65.0,13.06,61.42
2026-03-23 13:00:00,16.99,17.26,58.1,54.85,12.09,64.95,12.88,61.71
2026-03-23 14:00:00,17.96,18.48,58.1,54.5,12.56,64.13,14.02,58.71
2026-03-23 15:00:00,18.65,19.06,58.1,54.5,12.53,63.3,13.49,58.63
2026-03-23 16:00:00,18.9,19.43,57.82,54.24,12.57,62.15,16.03,53.1
2026-03-23 17:00:00,18.65,19.47,57.55,53.29,12.8,62.13,20.41,42.63
2026-03-23 18:00:00,18.27,18.91,59.36,56.17,12.24,63.23,16.65,48.49
2026-03-23 19:00:00,17.97,18.49,61.81,60.23,11.17,65.51,12.72,58.42
2026-03-23 20:00:00,17.9,18.2,63.48,61.82,10.36,66.83,11.34,62.63
2026-03-23 21:00:00,17.83,18.1,64.09,61.79,9.67,67.98,10.39,65.36
2026-03-23 22:00:00,17.7,17.98,64.24,61.6,9.43,69.09,10.02,67.56
2026-03-23 23:00:00,17.57,17.78,63.28,60.58,9.26,69.66,9.71,68.65
2026-03-24 00:00:00,17.5,17.7,63.4,59.9,9.11,69.78,9.39,69.07
2026-03-24 01:00:00,17.31,17.7,63.4,60.97,9.02,69.87,9.33,69.45
2026-03-24 02:00:00,17.3,17.6,63.4,61.7,8.96,69.89,9.31,69.59
2026-03-24 03:00:00,17.16,17.5,63.4,61.7,8.93,70.3,9.21,70.28
2026-03-24 04:00:00,17.1,17.31,63.4,61.7,9.36,70.72,9.63,70.65
2026-03-24 05:00:00,17.1,17.3,63.4,61.7,9.54,71.54,9.73,71.92
2026-03-24 06:00:00,16.9,17.2,63.85,61.7,9.6,72.21,9.7,72.78
2026-03-24 07:00:00,16.9,17.1,63.9,61.69,9.69,72.51,9.93,73.33
2026-03-24 08:00:00,16.9,16.92,64.28,60.94,9.85,73.46,10.15,74.57
2026-03-24 09:00:00,16.7,16.69,61.91,59.68,10.38,74.15,10.55,75.68
2026-03-24 10:00:00,17.35,17.8,63.73,60.39,10.71,73.88,11.09,74.71
2026-03-24 11:00:00,17.87,18.3,64.4,60.2,10.91,72.38,11.34,71.68
2026-03-24 12:00:00,17.9,18.44,63.87,60.2,10.93,71.45,11.43,70.2
2026-03-24 13:00:00,17.9,18.4,63.62,60.2,10.97,71.17,11.45,69.89
2026-03-24 14:00:00,17.77,18.29,65.33,61.62,10.89,72.01,11.26,71.3
2026-03-24 15:00:00,17.7,18.35,67.47,62.96,11.12,71.73,11.96,69.19
2026-03-24 16:00:00,17.7,17.97,67.93,60.87,11.3,70.77,12.81,66.41
2026-03-24 17:00:00,18.23,18.78,67.4,60.97,11.17,70.67,12.61,65.58
2026-03-24 18:00:00,18.5,18.71,65.68,61.71,10.75,70.61,11.15,68.26
2026-03-24 19:00:00,18.67,18.87,64.98,62.07,10.18,71.9,10.45,70.74
2026-03-24 20:00:00,18.96,19.08,63.99,61.67,9.89,73.23,10.12,72.39
2026-03-24 21:00:00,18.89,18.94,64.96,61.53,9.66,73.96,9.86,73.56
2026-03-24 22:00:00,18.53,18.56,65.6,61.55,9.67,74.38,9.95,74.03
2026-03-24 23:00:00,18.26,18.17,65.6,60.2,9.66,75.57,9.89,75.83
2026-03-25 00:00:00,18.07,17.92,65.6,60.2,9.53,77.28,9.61,78.79
2026-03-25 01:00:00,17.89,17.9,65.6,60.69,9.47,77.25,9.51,79.42
2026-03-25 02:00:00,17.7,17.88,65.6,61.61,9.5,78.23,9.6,80.01
2026-03-25 03:00:00,17.6,17.7,65.6,62.2,9.5,78.7,9.57,80.96
2026-03-25 04:00:00,17.5,17.7,65.6,62.98,9.53,79.48,9.6,81.5
2026-03-25 05:00:00,17.38,17.59,65.6,63.33,9.5,80.58,9.55,82.37
2026-03-25 06:00:00,17.3,17.5,65.6,64.2,9.5,81.05,9.6,82.9
2026-03-25 07:00:00,17.23,17.5,65.72,64.66,9.59,81.27,9.65,82.89
2026-03-25 08:00:00,17.18,17.49,66.68,64.92,9.86,80.19,10.0,81.0
2026-03-25 09:00:00,18.22,18.75,65.95,61.64,10.27,78.15,10.65,77.61
2026-03-25 10:00:00,18.44,19.26,57.15,56.78,11.29,73.95,11.75,71.59
2026-03-25 11:00:00,18.53,18.88,60.28,56.93,12.41,64.36,13.47,59.6
2026-03-25 12:00:00,18.57,18.88,65.46,60.44,12.96,59.17,13.9,57.3
2026-03-25 13:00:00,18.53,19.28,66.0,61.2,13.51,55.24,13.9,57.3
2026-03-25 14:00:00,18.16,19.28,65.55,60.82,13.57,52.96,13.9,57.3
2026-03-25 15:00:00,17.94,19.48,65.0,59.66,13.69,50.34,13.9,57.3
2026-03-25 16:00:00,17.9,19.9,64.13,58.42,13.73,48.35,18.91,39.55
2026-03-25 17:00:00,17.73,19.85,64.0,58.1,13.54,48.13,20.71,32.39
2026-03-25 18:00:00,17.7,19.18,64.0,56.8,13.1,50.9,20.4,33.1
2026-03-25 19:00:00,17.59,18.59,63.46,58.11,12.35,53.85,20.4,33.1
2026-03-25 20:00:00,17.5,18.29,63.0,58.2,11.75,56.06,20.4,33.1
2026-03-25 21:00:00,17.5,18.15,63.3,58.96,11.27,57.4,18.96,36.28
2026-03-25 22:00:00,17.5,18.09,63.91,57.11,10.96,57.85,11.55,52.41
2026-03-25 23:00:00,17.5,17.9,64.66,56.27,10.57,58.79,10.82,56.22
2026-03-26 00:00:00,17.35,17.9,65.0,58.9,9.92,60.22,9.91,59.69
2026-03-26 01:00:00,17.3,17.9,65.0,60.73,9.47,61.27,9.44,61.72
2026-03-26 02:00:00,17.18,17.9,64.9,61.55,8.92,62.3,8.74,63.49
2026-03-26 03:00:00,17.1,17.76,64.0,62.2,8.47,62.81,8.31,64.24
2026-03-26 04:00:00,17.1,17.7,63.86,62.2,8.16,63.29,8.0,65.14
2026-03-26 05:00:00,16.91,17.6,63.08,62.2,7.96,63.74,7.68,66.06
2026-03-26 06:00:00,16.78,17.5,59.14,61.93,7.69,63.57,7.52,65.54
2026-03-26 07:00:00,16.63,17.5,53.16,60.75,8.88,62.56,8.12,64.12
2026-03-26 08:00:00,16.97,17.34,58.74,57.16,13.24,58.25,10.71,57.32
2026-03-26 09:00:00,16.96,17.1,53.94,50.27,16.2,50.35,13.04,46.14
2026-03-26 10:00:00,16.9,17.1,54.89,52.38,18.27,44.98,14.53,40.24
2026-03-26 11:00:00,17.45,18.05,56.3,52.72,18.76,41.83,16.28,36.04
2026-03-26 12:00:00,17.61,18.15,56.76,51.17,18.32,40.53,17.33,33.25
2026-03-26 13:00:00,17.5,18.22,56.72,50.0,17.78,39.75,18.14,32.09
2026-03-26 14:00:00,17.5,18.77,57.64,51.39,17.58,39.57,19.26,29.03
2026-03-26 15:00:00,17.43,18.4,57.91,51.09,17.58,38.96,19.87,29.5
2026-03-26 16:00:00,17.3,18.26,57.22,46.69,17.37,38.59,22.54,26.11
2026-03-26 17:00:00,17.3,18.54,51.03,42.79,16.97,40.48,20.99,29.46
2026-03-26 18:00:00,17.36,18.31,53.42,46.69,16.08,44.63,17.51,39.55
2026-03-26 19:00:00,18.06,19.0,57.62,49.47,15.37,49.53,15.95,48.98
2026-03-26 20:00:00,18.63,19.6,59.36,52.13,15.01,53.5,15.15,55.95
2026-03-26 21:00:00,18.56,19.41,61.71,56.51,14.57,54.26,14.79,55.91
2026-03-26 22:00:00,18.3,19.04,63.01,57.44,13.97,55.93,14.15,58.74
2026-03-26 23:00:00,18.19,18.7,63.5,56.72,13.52,56.36,13.76,57.49
2026-03-27 00:00:00,17.99,18.55,63.5,57.52,13.31,56.46,13.56,57.89
2026-03-27 01:00:00,17.9,18.5,63.5,58.68,13.46,57.83,13.7,60.52
2026-03-27 02:00:00,17.78,18.43,63.59,59.94,13.36,59.31,13.51,62.21
2026-03-27 03:00:00,17.7,18.3,64.5,60.2,13.54,60.59,13.64,63.81
2026-03-27 04:00:00,17.7,18.3,64.56,59.63,13.69,62.55,13.67,66.81
2026-03-27 05:00:00,17.7,18.21,65.5,60.4,13.67,63.99,13.45,69.79
2026-03-27 06:00:00,17.62,18.1,64.43,60.99,13.5,64.34,13.39,68.3
2026-03-27 07:00:00,17.5,18.05,62.7,59.25,13.89,63.87,13.73,65.93
2026-03-27 08:00:00,17.7,17.62,62.89,54.14,15.58,58.53,14.61,58.72
2026-03-27 09:00:00,17.7,17.69,57.88,54.8,16.99,51.22,15.14,50.56
2026-03-27 10:00:00,17.7,17.7,58.33,54.8,17.52,49.62,15.74,49.7
2026-03-27 11:00:00,17.9,18.2,58.6,54.4,18.97,46.94,16.76,48.71
2026-03-27 12:00:00,18.35,18.7,58.6,53.8,18.05,51.69,16.03,57.09
2026-03-27 13:00:00,18.35,18.65,59.34,54.76,16.86,55.81,15.33,60.44
2026-03-27 14:00:00,18.29,18.45,60.77,56.84,15.99,58.99,13.84,66.45
2026-03-27 15:00:00,18.1,18.3,62.1,57.84,14.43,62.74,12.6,71.73
2026-03-27 16:00:00,17.98,18.15,62.6,58.7,13.83,64.51,11.7,74.43
2026-03-27 17:00:00,17.9,18.2,62.6,58.47,13.46,64.84,12.0,71.77
2026-03-27 18:00:00,18.21,18.53,62.77,58.36,12.92,64.31,12.53,67.08
2026-03-27 19:00:00,18.2,18.3,62.2,58.5,12.16,64.62,11.58,68.57
2026-03-27 20:00:00,18.1,18.11,62.02,58.83,11.57,65.57,11.13,71.86
2026-03-27 21:00:00,18.1,18.19,62.6,59.5,10.85,67.55,10.67,73.88
2026-03-27 22:00:00,18.1,18.3,62.91,59.66,10.35,68.8,10.3,74.83
2026-03-27 23:00:00,18.1,18.3,63.6,60.5,10.06,68.36,10.12,74.51
2026-03-28 00:00:00,18.1,18.21,63.6,60.5,9.9,68.31,9.99,73.4
2026-03-28 01:00:00,18.0,18.1,63.6,61.01,9.62,68.22,9.79,72.6
2026-03-28 02:00:00,17.9,18.1,63.26,62.18,9.3,69.0,9.47,73.71
2026-03-28 03:00:00,17.77,17.96,62.51,62.5,8.87,69.89,9.08,74.51
2026-03-28 04:00:00,17.7,17.9,61.6,62.19,8.52,70.96,8.74,74.88
2026-03-28 05:00:00,17.7,17.83,61.6,61.5,8.37,71.1,8.61,75.07
2026-03-28 06:00:00,17.5,17.7,61.6,61.5,8.24,71.2,8.46,75.93
2026-03-28 07:00:00,17.5,17.7,61.6,61.5,9.04,71.41,9.18,76.02
2026-03-28 08:00:00,17.5,17.7,61.85,61.5,9.94,70.3,10.3,73.74
2026-03-28 09:00:00,17.5,17.5,63.17,58.11,11.44,67.44,11.51,67.48
2026-03-28 10:00:00,17.49,17.41,59.44,56.18,14.01,61.57,12.49,60.36
2026-03-28 11:00:00,18.35,18.74,59.38,57.53,16.15,53.48,14.21,51.23
2026-03-28 12:00:00,18.97,19.34,58.5,55.61,15.99,50.08,15.54,44.72
2026-03-28 13:00:00,19.0,19.32,58.5,54.41,16.18,49.31,15.87,44.82
2026-03-28 14:00:00,18.73,18.76,58.5,55.06,15.86,48.71,14.97,44.62
2026-03-28 15:00:00,18.5,18.51,59.3,54.55,15.93,48.47,15.35,45.44
2026-03-28 16:00:00,18.35,18.3,59.6,54.65,15.06,50.92,13.93,50.56
2026-03-28 17:00:00,18.31,18.31,60.25,55.4,14.02,55.64,13.47,58.25
2026-03-28 18:00:00,19.37,19.5,58.17,55.22,11.55,62.33,11.78,65.03
2026-03-28 19:00:00,19.85,19.9,57.69,54.47,11.09,63.5,11.11,66.75
2026-03-28 20:00:00,19.4,19.3,59.4,55.85,10.88,64.21,11.03,67.04
2026-03-28 21:00:00,19.04,18.87,59.4,57.2,10.56,64.99,10.78,67.82
2026-03-28 22:00:00,18.82,18.7,59.4,57.67,9.96,66.01,10.23,69.08
2026-03-28 23:00:00,18.68,18.55,59.4,56.9,9.31,66.99,9.73,69.98
2026-03-29 00:00:00,18.5,18.5,59.45,58.64,9.03,67.81,9.47,70.92
2026-03-29 01:00:00,18.42,18.35,59.4,59.4,8.9,68.38,9.38,71.3
2026-03-29 02:00:00,18.3,18.3,59.4,59.4,8.76,68.52,9.22,71.29
2026-03-29 04:00:00,18.15,18.11,59.4,59.4,8.34,69.19,8.75,71.7
2026-03-29 05:00:00,18.1,18.1,59.4,59.4,7.9,69.47,8.4,72.06
2026-03-29 06:00:00,17.92,17.98,59.4,59.4,7.58,70.23,8.1,72.3
2026-03-29 07:00:00,17.74,17.9,56.07,59.15,7.52,70.37,8.05,71.83
2026-03-29 08:00:00,17.56,17.85,51.88,56.85,9.1,68.82,8.83,69.26
2026-03-29 09:00:00,17.86,17.32,54.55,50.38,12.89,60.51,10.61,62.71
2026-03-29 10:00:00,17.9,17.14,55.29,50.71,15.33,53.67,11.97,57.36
2026-03-29 11:00:00,17.9,17.41,55.2,53.77,16.97,49.0,13.27,52.94
2026-03-29 12:00:00,17.46,16.56,47.02,44.17,17.3,45.02,14.64,46.45
2026-03-29 13:00:00,17.96,17.43,49.64,46.35,17.03,44.52,15.32,43.87
2026-03-29 14:00:00,18.61,18.3,54.96,52.42,16.92,45.17,16.07,43.73
2026-03-29 15:00:00,18.37,18.19,54.27,51.05,17.3,43.64,17.21,39.51
2026-03-29 16:00:00,18.3,18.3,53.84,48.6,17.23,44.51,18.46,41.2
2026-03-29 17:00:00,18.31,18.21,55.92,52.09,16.5,45.63,17.03,41.64
2026-03-29 18:00:00,19.04,19.2,55.18,50.65,16.13,45.61,17.08,41.95
2026-03-29 19:00:00,19.0,18.87,55.04,52.05,15.16,47.79,16.34,44.43
2026-03-29 20:00:00,18.96,18.88,57.07,56.14,14.12,50.24,14.82,49.27
2026-03-29 21:00:00,19.1,19.1,58.61,56.4,13.55,52.59,14.02,53.24
2026-03-29 22:00:00,18.92,19.08,59.69,56.51,12.92,55.25,13.2,57.21
2026-03-29 23:00:00,18.7,18.82,59.43,58.35,12.3,56.96,12.55,59.17
2026-03-30 00:00:00,18.59,18.65,59.6,59.49,11.6,58.24,11.88,62.09
2026-03-30 01:00:00,18.5,18.5,59.6,60.4,10.98,59.68,11.36,63.22
2026-03-30 02:00:00,18.41,18.5,59.6,60.4,10.41,60.65,10.91,64.22
2026-03-30 03:00:00,18.3,18.35,59.6,60.8,10.06,61.75,10.48,65.13
2026-03-30 04:00:00,18.3,18.3,59.6,61.4,9.71,62.67,10.11,66.42
2026-03-30 05:00:00,18.14,18.3,59.6,61.4,9.31,63.65,9.74,67.77
2026-03-30 06:00:00,17.85,18.21,54.87,61.4,9.04,64.9,9.51,68.81
2026-03-30 07:00:00,17.44,18.05,53.52,59.55,8.86,65.89,9.25,69.78
2026-03-30 08:00:00,17.58,17.56,52.15,53.69,10.39,66.72,10.03,69.45
2026-03-30 09:00:00,17.71,17.68,52.78,54.0,14.33,59.25,11.63,64.27
2026-03-30 10:00:00,17.9,17.7,53.99,54.3,16.99,52.24,12.9,57.51
2026-03-30 11:00:00,17.9,17.7,55.2,54.3,18.94,46.77,14.3,52.49
2026-03-30 12:00:00,17.9,17.7,55.5,54.3,19.21,42.97,15.95,45.91
2026-03-30 13:00:00,17.9,17.7,55.73,54.3,18.65,42.07,17.36,41.89
2026-03-30 14:00:00,17.9,17.85,56.85,54.64,18.34,41.02,18.37,38.66
2026-03-30 15:00:00,17.9,17.7,57.84,55.21,18.15,41.67,18.8,38.1
2026-03-30 16:00:00,17.9,18.07,58.5,55.3,18.13,42.12,18.8,38.1
2026-03-30 17:00:00,17.9,18.43,58.5,54.55,17.84,41.78,18.8,38.1
2026-03-30 18:00:00,17.9,18.3,58.57,53.82,17.09,44.64,18.4,40.22
2026-03-30 19:00:00,17.9,18.19,60.46,56.47,16.42,47.21,16.88,45.98
2026-03-30 20:00:00,18.05,17.96,61.6,58.33,15.51,49.95,15.38,52.12
2026-03-30 21:00:00,18.1,18.05,63.24,62.5,14.61,53.41,14.76,56.28
2026-03-30 22:00:00,18.1,18.1,63.5,61.78,13.91,55.62,14.25,59.14
2026-03-30 23:00:00,18.1,18.0,63.5,61.5,13.29,58.07,13.66,61.72
2026-03-31 00:00:00,18.1,17.9,64.46,61.5,12.76,59.59,13.02,63.96
2026-03-31 01:00:00,18.03,17.9,64.5,61.5,12.32,61.9,12.61,66.9
2026-03-31 02:00:00,17.9,17.9,64.5,62.01,11.99,63.37,12.24,69.03
2026-03-31 03:00:00,17.9,17.9,64.5,62.5,11.69,64.56,11.94,70.56
2026-03-31 04:00:00,17.9,17.9,63.89,62.5,11.46,65.96,11.75,71.8
2026-03-31 05:00:00,17.9,17.9,63.5,63.44,11.49,66.86,11.77,72.67
2026-03-31 06:00:00,17.85,17.9,62.64,63.5,11.32,67.14,11.47,73.13
2026-03-31 07:00:00,17.58,17.91,60.08,62.3,11.26,67.94,11.48,72.97
2026-03-31 08:00:00,18.14,18.52,57.79,57.12,12.08,67.46,12.31,70.16
2026-03-31 09:00:00,18.68,18.94,56.61,55.5,14.0,63.1,13.44,64.85
2026-03-31 10:00:00,18.7,18.82,57.5,55.5,15.99,57.48,14.25,58.97
2026-03-31 11:00:00,18.54,18.73,58.43,56.32,16.55,54.99,14.85,56.93
2026-03-31 12:00:00,18.5,18.5,59.12,56.5,17.39,52.99,15.61,54.36
2026-03-31 13:00:00,18.34,18.5,59.5,56.33,17.88,48.73,16.64,48.24
2026-03-31 14:00:00,18.3,18.5,59.5,55.87,17.84,47.44,17.66,45.13
2026-03-31 15:00:00,18.3,18.4,60.46,55.6,17.78,47.59,18.35,44.5
2026-03-31 16:00:00,18.3,18.47,60.5,55.78,17.9,47.47,18.73,43.45
2026-03-31 17:00:00,18.3,18.7,60.5,53.83,17.63,46.12,18.71,41.45
2026-03-31 18:00:00,18.3,18.77,59.6,54.05,17.2,46.48,18.37,42.36
2026-03-31 19:00:00,18.3,18.5,59.84,55.28,16.46,49.56,16.97,48.05
2026-03-31 20:00:00,18.36,18.38,60.97,57.23,15.64,52.53,15.77,53.22
2026-03-31 21:00:00,18.7,18.48,60.42,62.21,14.95,56.71,14.88,59.5
2026-03-31 22:00:00,18.51,18.5,62.01,62.2,14.47,60.05,14.48,63.33
2026-03-31 23:00:00,18.5,18.5,63.28,62.96,14.4,62.98,14.34,68.15
2026-04-01 00:00:00,18.44,18.5,63.5,64.3,14.48,65.04,14.22,71.08
2026-04-01 01:00:00,18.3,18.5,63.5,64.92,14.36,66.95,14.18,71.36
2026-04-01 02:00:00,18.3,18.5,63.72,65.3,14.2,67.57,14.03,71.54
2026-04-01 03:00:00,18.3,18.46,64.5,65.3,14.05,69.28,14.01,72.43
2026-04-01 04:00:00,18.3,18.3,64.5,65.92,13.97,70.43,13.9,73.35
2026-04-01 05:00:00,18.3,18.3,64.5,66.3,13.82,69.96,13.82,73.26
2026-04-01 06:00:00,18.18,18.3,64.5,66.3,13.67,73.82,13.62,76.92
2026-04-01 07:00:00,17.98,18.3,65.1,67.37,13.59,75.76,13.42,79.06
2026-04-01 08:00:00,18.1,18.13,65.8,65.42,13.37,76.15,13.42,78.54
2026-04-01 09:00:00,18.1,18.1,65.5,65.3,13.41,77.26,13.41,79.46
2026-04-01 10:00:00,18.1,18.1,65.5,64.89,13.71,77.9,13.66,80.19
2026-04-01 11:00:00,18.01,18.09,65.5,64.3,13.67,80.52,13.49,83.34
2026-04-01 12:00:00,17.9,17.9,65.5,64.3,13.46,82.16,13.32,84.91
2026-04-01 13:00:00,18.18,18.37,65.98,64.17,12.93,83.8,13.02,85.27
2026-04-01 14:00:00,18.89,19.35,65.73,63.3,12.65,84.41,12.82,85.16
2026-04-01 15:00:00,19.19,19.7,65.1,63.3,12.09,83.95,12.37,84.5
2026-04-01 16:00:00,19.3,19.61,65.1,63.3,12.43,82.67,12.7,83.15
2026-04-01 17:00:00,19.16,19.34,65.1,63.3,12.64,82.17,12.7,82.92
2026-04-01 18:00:00,18.94,19.1,66.02,63.86,12.37,82.87,12.45,84.1
2026-04-01 19:00:00,18.9,18.99,68.46,65.56,12.43,83.19,12.47,84.42
2026-04-01 20:00:00,18.9,18.77,69.68,67.75,12.47,82.71,12.5,83.79
2026-04-01 21:00:00,18.7,18.85,69.97,69.27,12.37,83.23,12.6,83.48
2026-04-01 22:00:00,18.51,18.9,70.03,70.05,12.41,84.95,12.67,84.72
2026-04-01 23:00:00,18.5,18.72,70.1,70.4,12.5,86.24,12.7,86.03
2026-04-02 00:00:00,18.39,18.7,70.1,70.4,12.6,86.67,12.75,86.85
2026-04-02 01:00:00,18.3,18.66,70.1,70.4,12.52,86.87,12.65,87.03
2026-04-02 02:00:00,18.3,18.5,70.1,70.4,12.4,86.12,12.7,86.14
2026-04-02 03:00:00,18.12,18.5,70.1,70.4,12.34,85.64,12.54,85.76
2026-04-02 04:00:00,18.1,18.5,70.1,70.4,12.15,85.37,12.22,85.88
2026-04-02 05:00:00,18.1,18.34,69.56,70.4,12.02,85.51,11.87,88.04
2026-04-02 06:00:00,17.99,18.3,69.1,70.4,11.94,85.95,11.58,89.27
2026-04-02 07:00:00,17.9,18.3,69.21,69.9,11.5,85.74,11.06,87.78
2026-04-02 08:00:00,17.9,18.0,69.03,67.09,10.94,85.22,10.59,86.27
2026-04-02 09:00:00,17.9,17.9,68.1,66.2,10.89,84.93,10.75,85.16
2026-04-02 10:00:00,18.16,18.3,68.61,66.17,11.75,85.0,11.45,83.4
2026-04-02 11:00:00,18.5,18.31,71.73,63.6,13.19,82.62,12.93,74.43
2026-04-02 12:00:00,18.49,18.4,66.95,60.98,14.3,77.52,14.35,67.81
2026-04-02 13:00:00,18.3,18.34,67.3,62.78,14.46,76.93,14.95,68.26
2026-04-02 14:00:00,18.3,18.3,67.83,64.11,14.33,78.66,14.48,73.6
2026-04-02 15:00:00,18.27,18.14,68.3,64.8,14.62,76.83,14.95,70.53
2026-04-02 16:00:00,18.29,18.49,68.3,64.84,14.5,76.9,14.73,71.48
2026-04-02 17:00:00,18.57,18.82,68.3,63.8,14.6,75.36,15.12,68.75
2026-04-02 18:00:00,18.5,18.52,68.71,65.47,14.18,77.12,13.92,74.45
2026-04-02 19:00:00,18.5,18.57,70.92,68.61,13.52,77.67,13.26,75.38
2026-04-02 20:00:00,19.09,19.12,72.06,68.42,13.03,78.95,12.88,77.98
2026-04-02 21:00:00,19.78,19.1,69.1,69.41,12.82,78.96,12.71,77.62
2026-04-02 22:00:00,19.86,19.04,66.4,68.8,12.64,78.99,12.62,77.59
2026-04-02 23:00:00,19.22,18.8,67.26,68.8,12.46,78.99,12.43,77.34
2026-04-03 00:00:00,18.92,18.7,68.3,69.74,12.27,78.52,12.4,77.2
2026-04-03 01:00:00,18.7,18.7,68.3,69.8,12.2,79.21,12.39,77.24
2026-04-03 02:00:00,18.61,18.58,68.3,69.8,12.17,79.51,12.17,78.72
2026-04-03 03:00:00,18.5,18.5,68.3,69.8,12.28,80.04,12.53,78.64
2026-04-03 04:00:00,18.46,18.47,68.89,69.8,12.4,80.0,12.69,78.28
2026-04-03 05:00:00,18.3,18.3,69.3,69.8,12.36,80.17,12.5,79.07
2026-04-03 06:00:00,18.2,18.3,67.38,69.8,12.29,80.27,12.35,79.18
2026-04-03 07:00:00,17.83,18.3,64.03,70.08,12.15,80.45,12.06,80.11
2026-04-03 08:00:00,18.1,18.15,66.27,67.6,13.16,79.96,12.63,79.39
2026-04-03 09:00:00,18.1,18.1,66.63,66.8,14.27,77.56,13.37,76.45
2026-04-03 10:00:00,18.1,17.95,68.82,66.3,13.97,76.49,13.73,73.7
2026-04-03 11:00:00,18.04,17.9,68.16,66.29,14.35,75.86,14.45,72.97
2026-04-03 12:00:00,17.9,17.9,67.3,65.8,14.23,75.75,14.17,73.55
2026-04-03 13:00:00,17.91,17.92,67.92,66.35,13.88,75.56,14.13,72.94
2026-04-03 14:00:00,18.57,18.95,68.26,66.15,13.88,75.85,15.08,72.02
2026-04-03 15:00:00,19.3,19.74,67.3,65.01,14.07,76.6,14.99,72.54
2026-04-03 16:00:00,19.47,19.85,67.3,64.8,14.69,75.07,16.15,67.17
2026-04-03 17:00:00,19.17,19.42,67.62,65.84,14.56,73.54,15.65,67.0
2026-04-03 18:00:00,18.83,18.92,67.61,65.28,13.68,75.26,14.55,71.64
2026-04-03 19:00:00,18.74,18.7,66.0,63.8,13.52,77.08,14.28,73.3
2026-04-03 20:00:00,19.05,18.7,67.46,65.57,13.45,77.71,13.93,74.19
2026-04-03 21:00:00,18.94,18.7,68.3,67.51,13.16,78.32,13.48,76.47
2026-04-03 22:00:00,18.76,18.7,68.3,67.8,12.68,79.09,12.86,78.53
2026-04-03 23:00:00,18.7,18.63,68.3,67.8,12.26,79.59,12.39,79.81
2026-04-04 00:00:00,18.61,18.5,69.22,68.58,11.83,79.7,11.91,80.29
2026-04-04 01:00:00,18.5,18.5,68.87,68.8,11.38,79.9,11.48,80.27
2026-04-04 02:00:00,18.4,18.5,68.3,68.8,11.2,80.19,11.42,80.37
2026-04-04 03:00:00,18.3,18.4,68.17,68.8,11.2,80.09,11.58,79.45
2026-04-04 04:00:00,18.3,18.3,67.3,68.8,11.1,80.15,11.36,79.91
2026-04-04 05:00:00,18.14,18.3,67.3,68.33,10.83,80.31,11.02,80.34
2026-04-04 06:00:00,18.1,18.14,67.3,67.8,10.7,80.6,10.92,80.63
2026-04-04 07:00:00,18.1,18.1,67.3,67.8,10.77,80.99,11.04,80.75
2026-04-04 08:00:00,18.1,17.99,67.61,66.08,11.91,80.55,11.81,78.95
2026-04-04 09:00:00,18.16,17.85,65.44,61.52,13.45,77.6,12.92,74.52
2026-04-04 10:00:00,19.15,19.14,61.2,60.8,15.09,72.28,14.21,68.48
2026-04-04 11:00:00,19.3,19.42,62.69,61.23,15.36,68.23,15.04,64.69
2026-04-04 12:00:00,19.14,19.3,66.13,65.58,14.95,66.46,15.4,61.41
2026-04-04 13:00:00,18.78,18.92,67.4,66.8,14.68,66.61,15.4,62.29
2026-04-04 14:00:00,18.7,19.03,67.4,66.8,14.6,67.98,15.63,63.75
2026-04-04 15:00:00,18.7,19.06,67.85,66.18,14.41,68.48,15.4,64.21
2026-04-04 16:00:00,18.7,18.8,68.5,66.56,14.05,67.69,14.84,63.33
2026-04-04 17:00:00,18.7,18.7,68.5,66.8,14.15,67.05,15.07,61.75
2026-04-04 18:00:00,18.62,18.54,68.86,67.97,14.07,67.18,14.78,62.72
2026-04-04 19:00:00,19.3,19.41,68.82,67.1,13.66,68.15,14.1,64.91
2026-04-04 20:00:00,19.29,19.24,69.48,67.26,13.42,68.83,13.84,65.97
2026-04-04 21:00:00,19.05,18.93,69.5,67.97,13.24,69.79,13.63,67.43
2026-04-04 22:00:00,18.9,18.8,70.19,69.9,12.95,72.48,13.25,71.66
2026-04-04 23:00:00,18.77,18.82,70.5,69.24,12.69,74.94,12.85,75.06
2026-04-05 00:00:00,18.7,18.7,70.18,69.32,12.48,77.03,12.52,78.33
2026-04-05 01:00:00,18.67,18.7,69.92,70.26,12.24,78.13,12.32,79.38
2026-04-05 02:00:00,18.5,18.67,69.5,70.9,12.14,78.47,12.27,80.09
2026-04-05 03:00:00,18.5,18.5,69.5,70.9,12.14,79.0,12.28,80.34
2026-04-05 04:00:00,18.35,18.5,69.5,70.9,12.16,78.96,12.24,79.84
2026-04-05 05:00:00,18.3,18.5,69.5,70.9,11.92,79.11,11.99,80.04
2026-04-05 06:00:00,18.3,18.5,69.73,70.9,12.03,79.25,12.12,79.94
2026-04-05 07:00:00,18.29,18.32,70.5,70.9,12.2,79.82,12.31,80.46
2026-04-05 08:00:00,18.1,18.3,70.5,71.11,12.44,80.15,12.55,80.3
2026-04-05 09:00:00,18.1,18.09,70.74,68.65,13.16,78.98,13.18,79.52
2026-04-05 10:00:00,18.1,18.06,71.13,68.25,14.36,76.06,14.17,76.13
2026-04-05 11:00:00,17.85,18.3,65.87,68.33,14.81,73.67,15.06,72.66
2026-04-05 12:00:00,18.19,18.58,66.55,66.97,15.25,72.12,15.5,70.45
2026-04-05 13:00:00,19.04,19.27,69.24,65.8,15.48,69.69,16.43,66.08
2026-04-05 14:00:00,19.03,19.13,68.92,65.49,16.23,65.96,18.19,59.5
2026-04-05 15:00:00,18.9,19.24,68.5,64.8,16.68,63.59,19.25,55.02
2026-04-05 16:00:00,18.9,19.3,68.5,64.8,16.97,58.77,20.5,47.84
2026-04-05 17:00:00,18.7,19.3,68.84,64.8,17.02,55.95,20.89,44.26
2026-04-05 18:00:00,18.64,19.25,65.65,62.72,16.7,54.95,20.62,43.42
2026-04-05 19:00:00,18.22,18.62,56.19,54.32,16.04,56.58,19.31,45.64
2026-04-05 20:00:00,18.44,18.79,60.97,57.77,15.17,59.27,16.5,51.71
2026-04-05 21:00:00,19.06,19.19,66.25,61.96,14.45,60.56,15.53,54.69
2026-04-05 22:00:00,18.9,19.1,66.99,65.47,14.01,60.84,14.99,55.43
2026-04-05 23:00:00,18.9,18.97,67.1,64.7,13.53,60.81,14.47,56.08
2026-04-06 00:00:00,18.73,18.9,67.1,66.28,13.22,59.81,14.14,54.42
2026-04-06 01:00:00,18.7,18.9,67.1,67.19,12.9,60.9,13.63,56.81
2026-04-06 02:00:00,18.52,18.82,67.1,68.1,12.2,62.77,12.84,60.47
2026-04-06 03:00:00,18.5,18.7,67.1,68.1,11.98,62.72,12.63,60.15
2026-04-06 04:00:00,18.5,18.7,67.1,68.8,11.97,63.12,12.6,60.37
2026-04-06 05:00:00,18.38,18.7,67.1,69.1,11.76,64.04,12.28,61.84
2026-04-06 06:00:00,18.3,18.7,67.1,69.61,11.44,64.91,11.88,63.29
2026-04-06 07:00:00,18.24,18.7,63.54,70.07,11.48,64.94,11.82,63.36
2026-04-06 08:00:00,18.3,18.36,62.56,63.6,13.79,62.56,12.91,62.07
2026-04-06 09:00:00,18.5,18.22,61.9,60.16,17.6,53.53,15.01,54.77
2026-04-06 10:00:00,18.5,18.3,61.61,60.37,19.17,47.72,16.76,49.02
2026-04-06 11:00:00,18.33,18.3,60.33,55.15,19.2,43.82,18.13,43.65
2026-04-06 12:00:00,18.3,18.35,58.5,51.95,19.05,42.7,19.5,40.56
2026-04-06 13:00:00,18.3,18.5,58.87,51.79,19.02,41.72,20.76,37.57
2026-04-06 14:00:00,18.41,18.61,60.27,56.02,19.47,39.24,22.44,33.39
2026-04-06 15:00:00,18.5,18.51,60.8,57.34,19.72,37.64,23.38,30.99
2026-04-06 16:00:00,18.48,18.8,61.06,58.65,19.82,37.94,23.81,30.81
2026-04-06 17:00:00,18.45,19.17,62.18,56.52,19.9,37.83,24.86,29.19
2026-04-06 18:00:00,18.73,19.5,62.56,48.66,19.7,37.98,24.71,29.51
2026-04-06 19:00:00,19.1,19.31,64.35,55.7,19.08,39.11,23.49,30.17
2026-04-06 20:00:00,19.1,19.21,66.97,61.45,17.95,41.69,20.04,35.6
2026-04-06 21:00:00,19.16,19.24,68.11,64.71,16.85,45.19,18.49,41.64
2026-04-06 22:00:00,19.12,19.11,68.12,64.34,15.73,47.6,17.21,44.75
2026-04-06 23:00:00,19.1,19.1,68.7,63.21,15.0,50.02,16.22,48.15
2026-04-07 00:00:00,19.01,19.1,68.25,63.78,14.38,52.0,15.38,50.74
2026-04-07 01:00:00,18.9,19.09,67.7,62.9,13.95,53.46,14.82,52.42
2026-04-07 02:00:00,18.9,18.9,67.7,62.9,13.55,54.21,14.39,53.62
2026-04-07 03:00:00,18.89,18.9,67.32,62.9,13.18,55.54,13.88,55.02
2026-04-07 04:00:00,18.7,18.9,66.7,63.65,12.98,57.74,13.52,57.64
2026-04-07 05:00:00,18.7,18.9,66.7,65.64,12.8,60.0,13.25,60.63
2026-04-07 06:00:00,18.7,18.9,66.7,66.9,12.48,61.82,12.89,62.88
2026-04-07 07:00:00,18.52,18.9,62.01,66.41,12.35,63.49,12.69,64.68
2026-04-07 08:00:00,18.7,18.61,60.8,60.55,14.94,62.39,13.73,64.68
2026-04-07 09:00:00,18.9,18.5,59.86,58.42,19.1,54.22,15.76,58.88
2026-04-07 10:00:00,18.9,18.5,58.58,58.23,21.35,47.83,17.17,53.35
2026-04-07 11:00:00,18.9,18.55,60.37,59.28,22.06,44.71,18.48,48.58
2026-04-07 12:00:00,18.9,18.7,60.96,59.9,21.93,44.13,20.17,45.31
2026-04-07 13:00:00,18.9,19.06,59.46,55.57,22.02,44.0,22.08,42.13
2026-04-07 14:00:00,18.9,19.3,60.88,53.34,22.15,44.58,23.26,40.55
2026-04-07 15:00:00,18.9,19.36,62.2,53.8,22.5,44.02,24.28,38.31
2026-04-07 16:00:00,18.99,20.1,60.52,51.01,22.77,43.44,24.8,37.23
2026-04-07 17:00:00,19.1,20.45,57.0,49.26,22.55,43.49,24.33,37.63
2026-04-07 18:00:00,19.1,20.14,56.95,51.77,21.87,45.14,23.53,40.03
2026-04-07 19:00:00,19.25,19.78,60.75,54.76,20.87,46.58,22.17,41.43
2026-04-07 20:00:00,19.5,19.7,64.1,60.05,19.78,48.24,20.08,45.34
2026-04-07 21:00:00,19.5,19.69,65.7,62.4,18.85,50.56,19.16,50.16
2026-04-07 22:00:00,19.5,19.67,66.5,64.1,17.95,53.24,18.32,53.78
2026-04-07 23:00:00,19.5,19.7,66.9,64.03,17.51,55.24,17.73,56.49
2026-04-08 00:00:00,19.5,19.7,67.5,63.44,16.84,56.97,16.95,58.97
2026-04-08 01:00:00,19.5,19.7,67.5,64.1,16.38,57.09,16.56,57.04
2026-04-08 02:00:00,19.41,19.7,67.5,64.1,16.2,57.43,16.19,58.52
2026-04-08 03:00:00,19.3,19.7,67.5,64.1,15.9,58.09,15.86,59.5
2026-04-08 04:00:00,19.3,19.7,67.5,65.02,15.41,58.96,15.39,60.56
2026-04-08 05:00:00,19.3,19.7,67.5,65.13,15.0,58.9,15.12,59.92
2026-04-08 06:00:00,19.3,19.7,67.5,66.1,14.54,59.09,14.55,60.73
2026-04-08 07:00:00,19.3,19.7,67.14,66.1,14.4,58.89,14.54,58.86
2026-04-08 08:00:00,19.3,19.58,60.8,61.52,16.43,56.07,15.78,56.15
2026-04-08 09:00:00,19.38,19.38,56.56,57.04,21.72,48.6,17.24,49.51
2026-04-08 10:00:00,19.5,19.5,51.86,51.77,22.76,33.8,19.67,38.58
2026-04-08 11:00:00,19.5,19.62,48.39,45.74,21.39,33.79,21.01,35.13
2026-04-08 12:00:00,19.5,19.94,47.61,42.45,21.36,33.63,22.4,32.75
2026-04-08 13:00:00,19.69,20.47,47.26,40.98,21.78,33.87,23.95,30.94
2026-04-08 14:00:00,19.7,20.24,50.34,42.72,22.03,34.99,24.76,30.18
2026-04-08 15:00:00,19.7,20.2,51.95,45.05,22.66,35.66,25.24,30.48
2026-04-08 16:00:00,19.7,20.1,52.23,46.86,22.6,35.24,26.07,29.76
2026-04-08 17:00:00,19.93,20.1,54.66,48.12,21.51,35.98,25.88,29.53
2026-04-08 18:00:00,20.1,20.29,55.38,47.27,20.96,36.2,23.75,31.03
2026-04-08 19:00:00,20.1,20.12,55.8,49.77,20.1,38.37,21.26,35.32
2026-04-08 20:00:00,20.1,20.1,57.2,52.66,18.96,40.77,19.54,38.57
2026-04-08 21:00:00,20.1,20.1,58.22,56.29,18.16,41.91,19.0,39.65
2026-04-08 22:00:00,20.1,20.1,59.2,56.5,17.84,43.3,18.7,40.97
2026-04-08 23:00:00,20.1,20.1,60.18,56.54,17.4,46.33,18.18,43.77
2026-04-09 00:00:00,20.1,20.1,60.99,57.51,17.45,46.36,18.13,44.45
2026-04-09 01:00:00,20.1,20.13,61.2,58.5,17.58,48.32,18.1,46.25
2026-04-09 02:00:00,20.1,20.3,62.19,58.5,17.52,45.63,17.87,44.36
2026-04-09 03:00:00,20.1,20.3,62.2,58.84,17.14,46.9,17.5,45.35
2026-04-09 04:00:00,20.1,20.3,63.04,59.5,16.71,48.2,17.0,46.84
2026-04-09 05:00:00,20.1,20.3,63.2,59.5,16.27,51.08,16.61,49.24
2026-04-09 06:00:00,20.1,20.3,63.2,59.5,16.12,53.5,16.31,52.44
2026-04-09 07:00:00,20.1,20.3,64.12,60.02,15.82,53.38,16.02,52.29
2026-04-09 08:00:00,20.1,20.44,63.66,60.18,15.97,55.1,16.23,53.91
2026-04-09 09:00:00,20.12,20.11,60.87,57.37,17.38,53.97,16.65,54.92
2026-04-09 10:00:00,20.16,20.27,54.7,59.04,19.22,43.92,17.92,46.42
2026-04-09 11:00:00,20.1,20.3,55.75,57.4,18.59,45.14,18.79,44.97
2026-04-09 12:00:00,20.18,20.36,56.3,56.44,18.05,48.55,18.91,46.5
2026-04-09 13:00:00,20.1,20.1,54.89,54.05,16.25,51.8,17.86,48.31
2026-04-09 14:00:00,20.1,20.1,52.92,50.98,16.85,48.54,20.15,42.15
2026-04-09 15:00:00,20.1,20.28,51.76,48.55,17.29,46.84,21.29,38.86
2026-04-09 16:00:00,20.1,20.33,51.76,49.14,17.25,45.79,21.67,36.72
2026-04-09 17:00:00,20.1,20.5,53.66,49.35,17.22,46.75,21.03,37.94
2026-04-09 18:00:00,20.1,20.56,55.13,51.7,16.78,49.47,19.67,41.54
2026-04-09 19:00:00,20.27,20.51,57.3,54.1,15.87,51.52,16.81,47.28
2026-04-09 20:00:00,20.3,20.3,57.3,54.69,14.8,54.19,15.25,51.47
2026-04-09 21:00:00,20.3,20.3,57.3,55.1,14.15,55.99,14.93,52.82
2026-04-09 22:00:00,20.1,20.33,56.73,55.1,13.91,57.1,14.71,53.86
2026-04-09 23:00:00,20.1,20.41,57.03,54.41,13.61,58.18,14.29,55.15
2026-04-10 00:00:00,20.1,20.3,57.3,53.1,13.22,57.56,13.86,54.86
2026-04-10 01:00:00,20.1,20.3,57.3,53.64,13.49,56.24,13.95,54.17
2026-04-10 02:00:00,20.1,20.3,57.3,54.1,13.66,55.4,14.14,53.39
2026-04-10 03:00:00,20.1,20.3,56.42,54.43,13.48,59.43,13.84,57.15
2026-04-10 04:00:00,20.1,20.3,56.3,55.1,13.3,60.83,13.63,59.24
2026-04-10 05:00:00,20.1,20.3,56.3,55.33,13.2,62.01,13.44,60.64
2026-04-10 06:00:00,19.98,20.3,56.48,56.1,13.06,63.66,13.31,62.32
2026-04-10 07:00:00,19.9,20.3,57.3,56.35,13.22,63.49,13.44,62.16
2026-04-10 08:00:00,19.9,20.3,57.3,56.66,13.81,62.51,13.7,61.41
2026-04-10 09:00:00,19.9,19.9,57.24,52.1,14.83,59.41,14.24,59.8
2026-04-10 10:00:00,19.85,19.93,54.97,53.23,15.42,58.85,14.53,59.93
2026-04-10 11:00:00,19.7,20.1,54.59,54.3,16.78,54.86,15.46,56.88
2026-04-10 12:00:00,19.7,19.93,54.86,52.57,17.47,51.08,16.74,51.95
2026-04-10 13:00:00,19.73,19.81,53.73,51.78,18.1,49.2,18.36,48.18
2026-04-10 14:00:00,19.9,19.96,59.19,54.99,18.03,51.71,18.67,49.89
2026-04-10 15:00:00,19.9,20.1,59.49,56.4,17.55,54.7,18.57,52.11
2026-04-10 16:00:00,19.9,20.15,62.09,56.75,17.38,55.7,19.14,50.74
2026-04-10 17:00:00,20.1,20.4,62.6,57.51,17.08,55.59,20.34,47.47
2026-04-10 18:00:00,20.1,20.5,62.87,58.84,16.58,57.67,19.06,49.98
2026-04-10 19:00:00,20.1,20.32,62.54,60.49,15.58,60.85,16.79,55.84
2026-04-10 20:00:00,20.02,20.1,61.22,60.5,14.83,63.43,15.58,59.85
2026-04-10 21:00:00,19.9,20.1,60.52,60.5,14.39,65.75,15.15,62.14
2026-04-10 22:00:00,19.9,20.1,60.63,59.96,14.01,66.6,14.66,63.4
2026-04-10 23:00:00,19.9,20.17,61.2,60.3,13.68,67.32,14.26,64.23
2026-04-11 00:00:00,19.9,20.1,62.53,60.5,13.38,67.62,14.02,64.65
2026-04-11 01:00:00,19.9,20.1,62.34,60.97,13.45,66.12,14.01,63.5
2026-04-11 02:00:00,19.9,20.1,60.97,61.5,13.19,66.59,13.57,64.33
2026-04-11 03:00:00,19.9,20.1,61.75,61.79,12.68,67.85,13.07,65.71
2026-04-11 04:00:00,19.9,20.1,61.8,62.5,12.38,69.07,12.81,66.91
2026-04-11 05:00:00,19.71,20.1,61.8,62.5,12.17,69.57,12.41,67.69
2026-04-11 06:00:00,19.7,20.1,62.33,62.5,12.07,70.49,12.31,68.92
2026-04-11 07:00:00,19.7,20.1,62.8,62.5,12.06,70.97,12.36,69.32
2026-04-11 08:00:00,19.7,20.1,62.8,62.5,12.81,69.38,13.02,68.24
2026-04-11 09:00:00,19.7,19.71,62.13,56.93,14.39,64.72,14.2,65.1
2026-04-11 10:00:00,19.49,19.66,57.07,56.9,15.07,60.92,14.62,62.09
2026-04-11 11:00:00,19.5,19.7,57.08,56.86,14.99,61.33,14.53,62.47
2026-04-11 12:00:00,19.5,19.7,58.37,57.4,14.78,62.44,14.47,63.26
2026-04-11 13:00:00,19.69,19.7,61.54,58.65,15.18,61.5,15.29,61.49
2026-04-11 14:00:00,19.7,19.8,65.11,61.13,16.09,59.96,16.63,58.75
2026-04-11 15:00:00,19.7,19.83,61.83,62.4,16.33,59.46,16.81,57.74
2026-04-11 16:00:00,19.7,19.7,62.5,62.4,15.95,62.06,16.11,61.03
2026-04-11 17:00:00,19.7,19.7,63.49,62.4,15.29,63.13,15.49,62.2
2026-04-11 18:00:00,19.7,19.68,62.74,61.67,15.02,63.71,15.23,62.57
2026-04-11 19:00:00,19.78,19.76,64.56,61.59,14.85,64.08,14.82,63.58
2026-04-11 20:00:00,20.21,20.1,68.0,65.56,14.52,65.18,14.46,64.95
2026-04-11 21:00:00,19.97,19.88,65.42,64.3,14.28,66.08,14.34,65.59
2026-04-11 22:00:00,19.8,19.7,62.75,61.97,14.14,67.22,14.24,66.59
2026-04-11 23:00:00,19.7,19.7,62.19,61.4,14.04,68.38,14.15,67.54
2026-04-12 00:00:00,19.7,19.66,62.5,61.4,14.0,68.92,14.07,68.26
2026-04-12 01:00:00,19.7,19.7,62.5,61.4,13.97,69.01,14.0,68.57
2026-04-12 02:00:00,19.7,19.7,62.5,62.46,13.9,69.0,13.95,68.63
2026-04-12 03:00:00,19.65,19.7,62.5,63.76,13.84,69.39,13.82,68.98
2026-04-12 04:00:00,19.5,19.7,62.5,64.4,13.68,69.98,13.73,69.5
2026-04-12 05:00:00,19.5,19.7,63.13,65.4,13.6,70.8,13.7,70.04
2026-04-12 06:00:00,19.5,19.7,63.5,65.84,13.41,71.45,13.45,70.86
2026-04-12 07:00:00,19.5,19.65,63.51,66.4,13.12,72.23,13.3,71.32
2026-04-12 08:00:00,19.5,19.5,64.5,66.4,13.29,73.0,13.48,72.2
2026-04-12 09:00:00,19.4,19.5,64.5,66.23,13.82,72.08,14.1,71.12
2026-04-12 10:00:00,19.42,19.17,64.19,60.48,15.45,67.62,15.27,67.93
2026-04-12 11:00:00,19.35,19.41,59.96,60.24,17.01,62.29,16.6,62.83
2026-04-12 12:00:00,19.3,19.47,59.86,60.4,17.59,59.02,17.25,59.02
2026-04-12 13:00:00,19.3,19.22,59.63,57.08,17.96,58.26,17.76,58.05
2026-04-12 14:00:00,19.3,19.1,58.59,57.0,17.38,59.01,17.54,58.6
2026-04-12 15:00:00,19.3,19.24,58.5,57.07,17.55,59.5,18.63,56.93
2026-04-12 16:00:00,19.3,19.5,59.72,58.0,17.57,61.03,19.11,56.53
2026-04-12 17:00:00,19.3,19.34,60.5,58.0,16.97,61.67,18.08,58.09
2026-04-12 18:00:00,19.3,19.3,61.66,58.34,16.46,62.9,18.06,58.05
2026-04-12 19:00:00,19.5,19.3,62.4,59.36,15.66,65.06,16.76,61.02
2026-04-12 20:00:00,19.5,19.3,63.52,61.32,14.92,67.72,15.46,64.95
2026-04-12 21:00:00,19.5,19.3,65.14,64.31,14.37,69.96,14.67,67.89
2026-04-12 22:00:00,19.5,19.3,66.5,66.62,13.97,72.04,14.25,70.14
2026-04-12 23:00:00,19.5,19.48,66.5,65.3,13.7,73.79,14.0,71.92
2026-04-13 00:00:00,19.5,19.43,65.56,64.56,13.52,75.08,13.88,72.89
2026-04-13 01:00:00,19.5,19.3,65.5,63.5,13.22,75.84,13.58,73.75
2026-04-13 02:00:00,19.5,19.3,65.18,63.3,13.08,76.6,13.42,74.57
2026-04-13 03:00:00,19.49,19.3,64.5,63.85,13.33,75.99,13.6,74.17
2026-04-13 04:00:00,19.3,19.3,64.5,64.57,13.25,76.56,13.46,74.92
2026-04-13 05:00:00,19.3,19.3,64.5,65.3,12.89,77.01,12.99,75.73
2026-04-13 06:00:00,19.3,19.3,65.0,65.3,12.45,77.2,12.64,76.02
2026-04-13 07:00:00,19.3,19.3,65.14,65.84,12.54,76.73,12.54,75.97
2026-04-13 08:00:00,19.3,19.12,65.77,63.76,13.56,75.07,13.06,75.62
2026-04-13 09:00:00,19.43,18.98,66.18,63.86,16.33,67.54,14.33,72.61
2026-04-13 10:00:00,19.3,19.18,63.12,63.9,18.56,58.01,15.38,66.79
2026-04-13 11:00:00,19.3,19.3,62.9,63.9,17.9,55.77,16.77,60.1
2026-04-13 12:00:00,19.36,19.3,62.03,63.01,17.9,56.28,18.23,56.75
2026-04-13 13:00:00,19.4,19.3,62.1,62.9,17.88,54.95,19.19,52.4
2026-04-13 14:00:00,19.5,19.3,63.5,60.85,18.33,54.15,20.11,49.53
2026-04-13 15:00:00,19.5,19.3,63.5,59.83,18.6,53.95,21.38,47.28
2026-04-13 16:00:00,19.5,19.31,63.5,59.33,18.44,55.65,21.77,47.23
2026-04-13 17:00:00,19.5,19.56,63.49,59.77,18.14,55.47,21.17,47.26
2026-04-13 18:00:00,19.5,19.5,60.39,59.8,17.76,53.59,21.09,44.81
2026-04-13 19:00:00,19.5,19.5,59.18,59.8,17.11,53.25,19.88,45.33
2026-04-13 20:00:00,19.5,19.35,58.43,59.06,16.39,55.08,17.7,50.16
2026-04-13 21:00:00,19.5,19.4,58.86,59.77,15.59,55.62,16.62,51.81
2026-04-13 22:00:00,19.5,19.3,59.44,60.87,15.19,52.96,16.05,50.04
2026-04-13 23:00:00,19.5,19.3,60.48,61.9,14.77,54.06,15.5,51.24
2026-04-14 00:00:00,19.5,19.3,61.56,61.9,14.52,55.85,15.2,53.27
2026-04-14 01:00:00,19.5,19.3,60.74,62.41,14.29,56.51,14.73,54.39
2026-04-14 02:00:00,19.5,19.3,60.6,62.9,13.87,57.36,14.26,55.55
2026-04-14 03:00:00,19.5,19.3,60.6,62.9,13.8,53.92,14.1,53.05
2026-04-14 04:00:00,19.35,19.3,60.78,62.9,13.62,52.79,13.82,51.92
2026-04-14 05:00:00,19.3,19.3,61.47,62.9,13.05,56.37,13.13,55.39
2026-04-14 06:00:00,19.3,19.3,61.6,62.9,12.98,58.49,13.12,57.28
2026-04-14 07:00:00,19.3,19.3,61.81,62.88,13.28,60.0,13.43,58.91
2026-04-14 08:00:00,19.3,18.94,60.12,56.34,13.99,59.5,14.11,58.39
2026-04-14 09:00:00,19.3,18.96,57.68,57.23,14.92,57.1,15.04,56.45
2026-04-14 10:00:00,19.3,19.1,58.89,58.47,17.27,52.74,16.43,54.05
2026-04-14 11:00:00,19.3,19.25,60.35,59.72,17.88,51.2,17.5,52.06
2026-04-14 12:00:00,19.3,19.3,60.6,59.8,17.15,55.22,17.1,55.21
2026-04-14 13:00:00,19.3,19.3,61.37,59.97,17.45,55.4,17.58,54.64
2026-04-14 14:00:00,19.3,19.3,62.6,60.8,17.95,53.4,17.94,52.47
2026-04-14 15:00:00,19.3,19.3,62.6,60.8,18.08,52.93,18.19,52.35
2026-04-14 16:00:00,19.3,19.3,62.6,60.8,17.95,55.68,18.35,54.0
2026-04-14 17:00:00,19.3,19.3,63.56,61.44,17.63,58.31,18.03,56.82
2026-04-14 18:00:00,19.3,19.3,64.98,62.3,17.43,60.1,17.59,58.9
2026-04-14 19:00:00,19.3,19.3,64.84,62.96,16.7,62.93,16.81,61.99
2026-04-14 20:00:00,19.3,19.3,65.59,64.89,16.33,65.95,16.49,64.67
2026-04-14 21:00:00,19.3,19.47,67.18,66.96,16.08,70.33,16.18,69.19
2026-04-14 22:00:00,19.3,19.5,67.6,67.8,15.58,70.35,15.65,70.15
2026-04-14 23:00:00,19.3,19.42,67.6,67.8,15.08,72.15,15.11,71.85
2026-04-15 00:00:00,19.3,19.3,67.6,67.8,14.9,74.39,14.97,73.6
2026-04-15 01:00:00,19.3,19.3,67.6,67.8,14.65,75.79,14.77,74.94
2026-04-15 02:00:00,19.3,19.3,67.6,67.8,14.25,76.24,14.34,75.74
2026-04-15 03:00:00,19.3,19.3,67.6,67.8,13.85,76.58,13.93,76.15
2026-04-15 04:00:00,19.3,19.3,67.6,67.8,13.63,77.13,13.64,76.56
2026-04-15 05:00:00,19.3,19.3,67.6,67.8,13.65,77.8,13.66,77.41
2026-04-15 06:00:00,19.3,19.3,67.6,67.8,13.7,77.31,13.7,76.91
2026-04-15 07:00:00,19.3,19.26,67.74,67.22,13.85,76.19,13.86,76.24
2026-04-15 08:00:00,19.3,19.07,68.4,66.2,14.73,73.56,14.55,73.85
2026-04-15 09:00:00,19.3,19.3,67.95,66.7,16.95,68.34,16.08,70.22
2026-04-15 10:00:00,19.3,19.3,67.4,66.7,17.74,64.0,17.47,65.34
2026-04-15 11:00:00,19.3,19.3,67.4,66.7,18.62,59.42,18.39,59.83
2026-04-15 12:00:00,19.3,19.3,67.4,66.7,18.41,60.34,18.76,59.61
2026-04-15 13:00:00,19.3,19.3,67.43,66.7,18.88,56.7,19.61,55.06
2026-04-15 14:00:00,19.3,19.3,68.05,66.7,19.25,55.4,20.32,53.17
2026-04-15 15:00:00,19.3,19.3,67.4,66.7,19.83,54.85,22.43,48.9
2026-04-15 16:00:00,19.3,19.49,67.4,66.7,19.91,56.49,22.25,50.03
2026-04-15 17:00:00,19.3,19.56,67.41,67.69,19.15,57.34,20.44,52.93
2026-04-15 18:00:00,19.5,19.5,68.92,67.7,18.49,60.9,19.52,57.08
2026-04-15 19:00:00,19.5,19.5,69.4,67.74,17.92,62.53,18.64,59.44
2026-04-15 20:00:00,19.69,19.5,71.05,70.5,17.15,65.71,17.67,63.16
2026-04-15 21:00:00,19.7,19.5,72.52,72.15,16.66,66.91,16.9,65.02
2026-04-15 22:00:00,19.7,19.5,72.6,72.7,15.98,63.25,16.36,61.78
2026-04-15 23:00:00,19.7,19.5,72.6,72.26,16.22,57.09,16.43,55.83
2026-04-16 00:00:00,19.64,19.5,72.6,71.7,16.26,60.16,16.47,58.89
2026-04-16 01:00:00,19.5,19.5,72.6,71.7,16.11,60.55,16.27,59.46
2026-04-16 02:00:00,19.5,19.5,72.6,71.96,15.97,59.17,16.15,58.38
2026-04-16 03:00:00,19.5,19.5,72.6,72.7,15.86,57.54,16.0,56.78
2026-04-16 04:00:00,19.5,19.5,72.6,71.88,16.05,54.75,16.09,54.04
2026-04-16 05:00:00,19.5,19.5,72.6,71.7,16.19,53.31,16.28,52.49
2026-04-16 06:00:00,19.5,19.5,71.87,71.7,16.36,52.97,16.35,52.6
2026-04-16 07:00:00,19.5,19.5,71.6,70.97,16.34,53.46,16.36,52.86
2026-04-16 08:00:00,19.5,19.43,71.47,68.75,16.31,53.78,16.35,53.44
2026-04-16 09:00:00,19.5,19.3,70.6,64.93,16.46,53.53,16.61,53.16
2026-04-16 10:00:00,19.47,19.3,67.63,64.84,17.13,52.05,17.24,51.15
2026-04-16 11:00:00,19.3,19.3,63.09,62.42,17.53,52.14,17.53,51.12
2026-04-16 12:00:00,19.3,19.3,62.92,61.6,18.13,50.59,18.28,49.97
2026-04-16 13:00:00,19.34,19.46,64.44,62.48,18.59,49.71,19.29,48.21
2026-04-16 14:00:00,19.5,19.5,65.3,63.6,18.88,49.14,19.66,46.97
2026-04-16 15:00:00,19.5,19.5,68.67,63.73,19.01,48.79,19.52,46.96
2026-04-16 16:00:00,19.5,19.5,67.3,64.44,18.93,48.15,19.27,46.76
2026-04-16 17:00:00,19.5,19.5,62.75,62.43,18.63,46.59,18.94,45.59
2026-04-16 18:00:00,19.5,19.5,61.51,62.3,18.29,45.46,18.54,44.42
2026-04-16 19:00:00,19.5,19.4,62.19,64.01,17.99,46.08,18.19,45.11
2026-04-16 20:00:00,19.5,19.5,63.08,65.3,17.74,46.49,17.8,45.95
2026-04-16 21:00:00,19.5,19.31,63.94,64.69,17.7,46.44,17.73,45.94
2026-04-16 22:00:00,19.5,19.49,65.3,66.3,17.66,46.33,17.7,45.82
2026-04-16 23:00:00,19.5,19.5,65.3,66.3,17.73,45.74,17.72,45.44
2026-04-17 00:00:00,19.5,19.5,65.3,66.4,18.0,44.29,17.95,44.14
2026-04-17 01:00:00,19.5,19.5,65.3,67.34,17.85,43.75,17.83,43.6
2026-04-17 02:00:00,19.5,19.5,65.97,68.3,17.52,44.49,17.5,44.28
2026-04-17 03:00:00,19.5,19.5,66.4,68.3,17.35,45.93,17.35,45.51
2026-04-17 04:00:00,19.5,19.5,67.75,68.76,16.85,48.03,16.81,47.68
2026-04-17 05:00:00,19.5,19.5,68.3,69.3,16.17,50.21,16.24,49.83
2026-04-17 06:00:00,19.5,19.5,68.3,69.3,15.91,50.09,16.03,49.6
2026-04-17 07:00:00,19.5,19.61,68.3,70.29,15.94,47.82,16.05,47.51
2026-04-17 08:00:00,19.5,19.66,69.12,68.76,16.15,44.75,16.24,44.99
2026-04-17 09:00:00,19.5,19.37,66.94,62.12,16.21,44.1,16.32,44.4
2026-04-17 10:00:00,19.5,19.36,63.22,61.2,16.54,44.0,16.63,43.84
2026-04-17 11:00:00,19.5,19.5,60.95,59.5,17.24,43.81,17.43,43.48
2026-04-17 12:00:00,19.5,19.7,64.16,60.42,17.7,43.28,18.12,42.43
2026-04-17 13:00:00,19.62,19.77,64.43,62.2,18.38,39.76,19.19,38.51
2026-04-17 14:00:00,19.7,19.83,64.4,61.92,19.1,39.02,20.23,37.13
2026-04-17 15:00:00,19.7,19.74,64.59,57.57,19.23,38.8,20.45,36.82
2026-04-17 16:00:00,19.7,19.63,64.29,57.5,18.93,35.18,20.25,32.96
2026-04-17 17:00:00,19.7,19.61,59.08,56.96,19.03,34.99,20.63,32.35
2026-04-17 18:00:00,19.7,19.71,57.85,56.33,18.24,34.78,19.26,32.87
2026-04-17 19:00:00,19.7,19.69,57.11,55.68,17.66,33.78,18.71,32.04
2026-04-17 20:00:00,19.7,19.5,55.91,54.39,16.84,32.93,17.43,32.01
2026-04-17 21:00:00,19.7,19.5,56.87,55.82,16.51,29.74,16.86,29.1
2026-04-17 22:00:00,19.7,19.69,56.97,56.75,16.59,28.84,16.85,28.37
2026-04-17 23:00:00,19.7,19.7,58.31,57.1,16.35,30.53,16.57,30.25
2026-04-18 00:00:00,19.7,19.7,58.9,57.82,16.04,33.11,16.16,32.71
2026-04-18 01:00:00,19.7,19.7,59.27,58.47,15.46,36.34,15.58,35.78
2026-04-18 02:00:00,19.7,19.7,60.0,59.42,15.17,39.8,15.27,39.12
2026-04-18 03:00:00,19.7,19.7,60.9,61.14,14.96,40.34,15.03,39.78
2026-04-18 04:00:00,19.51,19.7,61.34,62.6,14.81,40.08,14.91,39.76
2026-04-18 05:00:00,19.5,19.7,61.9,63.1,14.89,40.2,14.93,39.97
2026-04-18 06:00:00,19.5,19.7,61.9,63.1,14.59,41.61,14.62,41.13
2026-04-18 07:00:00,19.5,19.52,61.9,63.1,14.52,41.65,14.46,41.55
2026-04-18 08:00:00,19.5,19.7,62.34,63.1,15.73,39.7,15.23,40.45
2026-04-18 09:00:00,19.69,19.56,59.87,57.33,18.35,35.85,16.61,38.8
2026-04-18 10:00:00,19.33,19.5,47.03,51.22,19.61,32.06,17.46,35.95
2026-04-18 11:00:00,19.3,19.5,47.7,50.9,18.67,31.53,18.42,32.5
2026-04-18 12:00:00,19.46,19.5,49.12,50.66,18.6,30.88,19.41,30.26
2026-04-18 13:00:00,19.87,19.56,54.61,53.55,18.67,30.11,20.37,28.54
2026-04-18 14:00:00,19.78,19.7,48.77,49.72,19.01,30.33,21.59,27.54
2026-04-18 15:00:00,19.7,19.7,45.49,45.47,18.91,30.9,22.12,27.01
2026-04-18 16:00:00,19.7,19.75,49.23,50.32,18.78,33.44,22.46,28.44
2026-04-18 17:00:00,19.7,19.9,53.56,51.21,18.65,33.95,22.62,28.11
2026-04-18 18:00:00,19.7,19.9,54.04,51.96,17.96,34.44,20.66,29.79
2026-04-18 19:00:00,19.7,19.88,54.32,52.7,17.2,36.4,19.61,31.8
2026-04-18 20:00:00,19.7,19.7,54.7,53.45,16.28,39.2,17.61,35.94
2026-04-18 21:00:00,19.61,19.7,54.84,54.36,15.76,44.33,16.69,41.31
2026-04-18 22:00:00,19.56,19.77,55.72,55.59,15.46,47.78,16.19,45.16
2026-04-18 23:00:00,19.7,19.9,57.17,56.7,15.33,47.72,15.84,45.71
2026-04-19 00:00:00,19.7,19.9,58.12,57.28,15.11,48.83,15.55,47.03
2026-04-19 01:00:00,19.7,19.74,58.7,58.0,14.88,50.21,15.35,48.34
2026-04-19 02:00:00,19.7,19.7,59.03,59.64,14.9,50.44,15.26,48.81
2026-04-19 03:00:00,19.7,19.7,59.7,60.7,14.62,50.91,14.92,49.5
2026-04-19 04:00:00,19.7,19.7,60.07,60.7,14.26,51.86,14.51,50.65
2026-04-19 05:00:00,19.66,19.7,60.7,60.76,14.01,53.34,14.17,52.09
2026-04-19 06:00:00,19.5,19.7,60.7,61.7,13.73,53.45,13.91,52.39
2026-04-19 07:00:00,19.5,19.7,60.7,60.8,14.08,54.03,13.83,53.64
2026-04-19 08:00:00,19.55,19.7,60.81,60.7,15.74,51.01,14.7,53.03
2026-04-19 09:00:00,19.7,19.7,61.7,60.17,18.55,44.92,16.14,49.54
2026-04-19 10:00:00,19.54,19.7,51.76,55.85,20.29,39.96,17.38,46.24
2026-04-19 11:00:00,19.59,19.7,52.71,53.69,19.24,39.53,18.46,41.87
2026-04-19 12:00:00,19.54,19.7,50.37,52.48,18.89,39.65,19.75,38.7
2026-04-19 13:00:00,20.02,19.91,58.48,55.84,19.21,39.53,21.22,37.17
2026-04-19 14:00:00,20.23,20.1,58.89,56.68,19.7,40.25,22.46,35.59
2026-04-19 15:00:00,20.1,20.1,55.99,53.4,20.05,41.59,21.08,38.32
2026-04-19 16:00:00,19.97,20.26,53.92,53.4,20.18,44.18,22.35,39.54
2026-04-19 17:00:00,19.93,20.3,53.74,53.84,19.19,46.76,21.96,40.61
2026-04-19 18:00:00,20.1,20.42,56.34,54.52,18.8,47.42,22.06,40.22
2026-04-19 19:00:00,20.1,20.52,58.9,56.1,18.28,48.46,21.37,40.8
2026-04-19 20:00:00,20.1,20.3,60.22,58.36,17.66,51.01,18.93,46.19
2026-04-19 21:00:00,20.1,20.37,63.34,62.47,16.99,55.75,17.26,53.32
2026-04-19 22:00:00,20.1,20.5,63.4,62.17,16.33,57.83,16.42,56.22
2026-04-19 23:00:00,20.1,20.5,63.4,61.09,15.74,58.67,16.1,56.7
2026-04-20 00:00:00,20.1,20.47,63.4,60.5,15.08,59.71,15.58,57.65
2026-04-20 01:00:00,20.1,20.3,63.29,60.5,14.67,59.18,15.1,57.5
2026-04-20 02:00:00,20.1,20.3,62.35,59.68,14.36,60.14,14.75,58.31
2026-04-20 03:00:00,20.1,20.3,61.4,59.1,14.16,62.04,14.53,60.19
2026-04-20 04:00:00,20.1,20.27,61.4,58.5,14.04,63.5,14.28,61.79
2026-04-20 05:00:00,19.94,20.1,60.45,58.5,13.79,65.44,14.01,63.73
2026-04-20 06:00:00,19.8,20.1,58.27,57.7,13.66,67.32,13.78,65.72
2026-04-20 07:00:00,19.66,20.1,56.65,57.37,14.02,68.0,13.84,67.24
2026-04-20 08:00:00,20.01,20.1,58.36,57.26,16.33,63.33,15.09,65.7
2026-04-20 09:00:00,20.1,20.1,56.84,57.6,20.43,52.63,16.52,60.93
2026-04-20 10:00:00,20.1,20.1,58.19,57.6,23.34,43.97,17.48,57.36
2026-04-20 11:00:00,20.1,20.1,59.18,57.6,21.75,45.14,18.66,53.02
2026-04-20 12:00:00,20.1,20.1,59.4,57.6,21.12,46.02,19.88,49.07
2026-04-20 13:00:00,20.1,20.23,58.2,51.81,21.31,42.66,21.43,42.48
2026-04-20 14:00:00,20.1,20.3,56.85,52.65,21.91,40.48,22.44,39.15
2026-04-20 15:00:00,20.1,20.38,55.9,49.82,21.88,39.24,23.18,36.35
2026-04-20 16:00:00,20.1,20.45,54.67,48.42,21.95,38.23,23.53,34.59
2026-04-20 17:00:00,20.24,20.91,49.4,43.92,21.7,39.4,23.47,35.36
2026-04-20 18:00:00,20.3,20.7,51.22,48.01,21.14,40.32,23.08,36.01
2026-04-20 19:00:00,20.3,20.7,57.25,53.45,20.33,43.04,22.12,38.46
2026-04-20 20:00:00,20.34,20.59,60.01,57.37,19.4,46.55,20.04,43.95
2026-04-20 21:00:00,20.5,20.55,60.32,59.1,18.56,50.58,19.09,48.31
2026-04-20 22:00:00,20.5,20.7,61.1,59.92,18.06,53.02,18.51,50.35
2026-04-20 23:00:00,20.5,20.55,61.1,58.44,17.72,54.0,18.06,51.73
2026-04-21 00:00:00,20.5,20.5,61.1,57.7,17.04,56.77,17.37,54.94
2026-04-21 01:00:00,20.5,20.5,61.1,59.39,16.53,59.3,16.81,57.64
2026-04-21 02:00:00,20.5,20.5,61.71,60.1,16.26,62.04,16.56,60.26
2026-04-21 03:00:00,20.5,20.5,62.1,60.12,16.05,63.99,16.26,62.48
2026-04-21 04:00:00,20.5,20.5,62.18,61.1,15.63,64.82,15.75,63.71
2026-04-21 05:00:00,20.5,20.5,63.1,61.1,15.31,64.35,15.44,63.53
2026-04-21 06:00:00,20.5,20.5,63.09,61.1,15.12,64.98,15.19,64.31
2026-04-21 07:00:00,20.31,20.5,58.75,60.92,15.56,65.11,15.22,65.12
2026-04-21 08:00:00,20.54,20.5,59.31,58.33,17.85,60.2,16.38,62.96
2026-04-21 09:00:00,20.7,20.5,58.1,58.1,22.27,47.83,17.72,56.64
2026-04-21 10:00:00,20.7,20.5,58.5,58.1,25.44,38.78,18.99,51.33
2026-04-21 11:00:00,20.7,20.5,59.36,58.1,23.75,39.63,20.3,46.97
2026-04-21 12:00:00,20.7,20.5,60.1,58.1,22.82,41.72,21.51,44.9
2026-04-21 13:00:00,20.7,20.8,55.61,52.42,22.73,39.51,22.84,38.9
2026-04-21 14:00:00,20.7,21.08,50.84,45.96,22.98,36.4,23.94,34.4
2026-04-21 15:00:00,20.7,21.04,49.72,45.12,23.03,35.37,24.79,32.17
2026-04-21 16:00:00,20.7,20.98,50.05,46.93,22.95,36.41,24.74,32.83
2026-04-21 17:00:00,20.81,21.41,44.59,39.29,22.57,35.0,24.46,31.3
2026-04-21 18:00:00,20.9,21.44,45.18,39.24,22.17,34.99,23.98,31.43
2026-04-21 19:00:00,20.9,21.3,50.12,43.49,21.47,36.79,22.81,33.42
2026-04-21 20:00:00,20.9,21.12,52.36,47.69,20.69,39.23,21.3,36.9
2026-04-21 21:00:00,21.03,21.06,50.85,48.65,20.22,43.61,20.5,42.09
2026-04-21 22:00:00,21.1,21.3,52.62,50.74,19.75,48.73,19.85,47.64
2026-04-21 23:00:00,21.1,21.11,58.13,51.78,19.3,51.93,19.31,50.98
2026-04-22 00:00:00,21.1,21.1,57.85,53.22,18.74,54.67,18.63,54.17
2026-04-22 01:00:00,21.1,21.1,57.7,54.18,18.1,57.56,18.08,56.85
2026-04-22 02:00:00,21.1,21.1,58.07,54.7,17.57,60.05,17.66,59.13
2026-04-22 03:00:00,21.1,21.1,58.92,56.2,16.95,61.13,17.06,60.39
2026-04-22 04:00:00,21.1,21.1,59.7,57.7,16.4,62.11,16.52,61.3
2026-04-22 05:00:00,21.1,21.06,59.7,58.42,16.05,64.35,16.16,63.33
2026-04-22 06:00:00,21.1,20.9,59.69,58.7,15.72,65.35,15.77,64.67
2026-04-22 07:00:00,20.92,20.9,56.46,57.39,16.04,65.94,15.76,65.71
2026-04-22 08:00:00,21.14,20.9,57.46,57.12,18.09,62.55,16.91,65.12
2026-04-22 09:00:00,21.3,20.9,55.57,56.7,22.25,51.25,18.14,60.25
2026-04-22 10:00:00,21.3,20.9,56.47,56.7,24.84,43.65,19.42,56.09
2026-04-22 11:00:00,21.3,21.02,57.37,56.7,23.77,41.28,20.48,48.35
2026-04-22 12:00:00,21.3,21.1,57.5,56.7,23.07,41.82,21.67,45.11
2026-04-22 13:00:00,21.3,21.22,57.5,56.7,22.6,49.45,22.96,49.46
2026-04-22 14:00:00,21.3,21.38,57.6,56.98,21.68,53.14,23.41,49.87
2026-04-22 15:00:00,21.3,21.3,58.5,58.05,20.71,56.41,23.13,50.67
2026-04-22 16:00:00,21.3,21.3,58.5,58.7,19.81,57.73,21.33,53.28
2026-04-22 17:00:00,21.26,21.3,58.3,58.15,19.05,60.53,21.65,53.57
2026-04-22 18:00:00,21.17,21.3,57.7,57.78,18.5,61.91,20.62,55.27
2026-04-22 19:00:00,21.32,21.3,59.78,59.58,17.7,63.67,18.96,59.01
2026-04-22 20:00:00,21.56,21.3,61.62,60.84,16.9,64.81,17.93,60.9
2026-04-22 21:00:00,21.81,21.37,62.73,62.93,16.63,65.61,17.29,62.61
2026-04-22 22:00:00,21.7,21.5,62.43,62.7,16.53,66.21,16.42,65.49
2026-04-22 23:00:00,21.7,21.35,61.5,61.49,15.84,67.71,15.88,67.11
2026-04-23 00:00:00,21.63,21.3,61.5,59.71,15.5,68.11,15.56,67.3
2026-04-23 01:00:00,21.5,21.3,61.5,59.7,15.39,67.13,15.24,67.19
2026-04-23 02:00:00,21.5,21.3,61.5,59.7,14.88,67.97,14.87,67.67
2026-04-23 03:00:00,21.5,21.3,62.24,59.7,13.35,73.28,13.62,72.38
2026-04-23 04:00:00,21.5,21.3,62.5,59.7,12.96,74.44,13.11,73.89
2026-04-23 05:00:00,21.5,21.3,62.5,59.7,12.36,74.46,12.6,73.89
2026-04-23 06:00:00,20.94,21.3,56.39,59.7,12.01,73.93,12.24,73.31
2026-04-23 07:00:00,20.7,21.22,55.04,58.2,11.54,75.49,11.89,74.38
2026-04-23 08:00:00,20.9,20.7,55.07,53.92,11.25,76.49,11.85,74.7
2026-04-23 09:00:00,20.9,20.65,54.07,53.77,11.29,76.86,11.77,75.14
2026-04-23 10:00:00,20.9,20.7,54.6,53.8,11.81,74.91,12.28,73.87
2026-04-23 11:00:00,20.9,20.7,55.38,54.34,12.72,72.76,13.29,71.32
2026-04-23 12:00:00,20.88,20.7,55.6,54.8,13.2,69.19,14.08,66.77
2026-04-23 13:00:00,20.7,20.56,54.89,53.72,12.47,69.86,13.36,67.19
2026-04-23 14:00:00,20.7,20.5,55.36,54.13,13.07,69.08,13.82,66.73
2026-04-23 15:00:00,20.7,20.5,56.51,55.17,13.85,65.77,14.72,63.19
2026-04-23 16:00:00,20.7,20.57,56.6,55.55,13.62,65.61,15.09,61.65
2026-04-23 17:00:00,20.7,20.52,56.6,51.3,13.67,64.18,16.21,57.16
2026-04-23 18:00:00,20.7,20.31,56.37,51.1,13.42,65.19,14.94,59.75
2026-04-23 19:00:00,20.7,20.5,56.71,54.84,12.97,66.82,13.96,62.6
2026-04-23 20:00:00,20.94,20.91,57.86,55.7,12.39,68.73,13.14,65.16
2026-04-23 21:00:00,21.1,20.97,58.01,55.94,12.1,70.31,12.67,67.22
2026-04-23 22:00:00,20.91,20.84,56.45,54.64,12.12,69.09,12.52,66.94
2026-04-23 23:00:00,20.73,20.53,53.94,51.49,11.82,67.75,12.28,65.66
2026-04-24 00:00:00,20.7,20.5,54.39,51.93,11.52,69.55,11.93,67.32
2026-04-24 01:00:00,20.57,20.5,55.46,53.49,11.22,70.35,11.58,68.47
2026-04-24 02:00:00,20.5,20.5,56.31,53.72,10.92,69.6,11.17,68.28
2026-04-24 03:00:00,20.5,20.38,56.94,54.7,10.7,68.84,10.86,67.71
2026-04-24 04:00:00,20.33,20.3,57.6,54.7,10.8,66.11,10.95,65.47
2026-04-24 05:00:00,20.3,20.3,57.6,54.7,10.95,61.0,11.1,60.77
2026-04-24 06:00:00,19.91,20.3,48.54,54.75,11.27,61.39,11.29,60.86
2026-04-24 07:00:00,19.79,20.08,47.95,52.55,11.69,61.65,11.17,62.82
2026-04-24 08:00:00,20.1,19.9,49.09,48.7,13.49,55.57,12.55,58.62
2026-04-24 09:00:00,20.1,19.9,48.7,48.8,17.63,45.95,14.06,53.54
2026-04-24 10:00:00,20.1,19.9,48.01,48.51,19.96,38.81,15.38,49.42
2026-04-24 11:00:00,19.94,19.77,47.21,46.5,17.45,42.2,16.38,46.77
2026-04-24 12:00:00,19.9,19.7,46.18,44.56,16.93,39.38,17.62,40.22
2026-04-24 13:00:00,19.9,19.72,44.05,42.91,17.17,35.99,19.03,34.54
2026-04-24 14:00:00,19.9,19.9,42.82,43.6,17.52,38.27,19.62,35.83
2026-04-24 15:00:00,19.9,19.9,43.94,44.82,17.45,37.56,21.04,32.97
2026-04-24 16:00:00,19.9,19.9,44.7,46.37,17.52,36.37,22.26,30.09
2026-04-24 17:00:00,19.9,20.02,44.71,43.38,17.26,35.95,22.21,29.22
2026-04-24 18:00:00,19.9,20.1,45.89,42.47,16.88,37.25,21.16,30.41
2026-04-24 19:00:00,19.96,20.1,48.24,44.7,16.31,38.34,18.8,33.4
2026-04-24 20:00:00,20.1,20.1,50.99,48.91,15.71,37.04,17.54,33.36
2026-04-24 21:00:00,20.1,20.04,53.78,50.8,14.91,37.78,16.18,34.74
2026-04-24 22:00:00,20.1,20.1,54.7,51.6,14.01,40.87,15.1,37.97
2026-04-24 23:00:00,20.1,19.94,55.27,47.95,13.18,42.23,14.21,39.64
2026-04-25 00:00:00,20.1,19.9,54.7,46.48,12.9,43.45,13.62,41.15
2026-04-25 01:00:00,20.08,19.9,54.7,49.34,12.31,43.43,13.04,41.77
2026-04-25 02:00:00,19.9,19.9,54.7,50.1,12.25,42.98,12.87,41.8
2026-04-25 03:00:00,19.9,19.9,54.84,50.87,12.54,42.89,12.98,41.05
2026-04-25 04:00:00,19.9,19.9,55.7,53.1,12.83,41.44,13.05,40.88
2026-04-25 05:00:00,19.9,19.9,55.7,53.1,12.53,41.6,12.74,40.9
2026-04-25 06:00:00,19.72,19.9,55.7,53.29,12.25,43.74,12.55,42.58
2026-04-25 07:00:00,19.7,19.9,56.49,56.08,13.28,44.11,12.62,43.98
2026-04-25 08:00:00,19.84,19.9,56.44,56.22,15.19,40.13,14.09,41.95
2026-04-25 09:00:00,19.67,19.82,45.02,48.34,18.65,35.06,15.55,39.17
2026-04-25 10:00:00,19.7,19.7,46.25,47.7,21.1,31.18,16.83,37.68
2026-04-25 11:00:00,19.7,19.7,47.42,47.73,19.12,33.23,18.06,35.7
2026-04-25 12:00:00,20.02,19.87,55.91,53.32,18.8,32.89,19.37,32.89
2026-04-25 13:00:00,20.38,20.06,57.68,57.36,19.27,32.17,20.42,31.14
2026-04-25 14:00:00,20.13,19.97,49.68,50.14,19.2,31.38,20.02,30.56
2026-04-25 15:00:00,19.97,19.76,46.86,44.48,18.63,34.61,19.06,33.94
2026-04-25 16:00:00,19.9,19.7,46.2,43.9,18.53,34.79,18.86,34.32
2026-04-25 17:00:00,19.9,19.7,47.11,45.94,18.45,35.68,19.27,34.52
2026-04-25 18:00:00,19.9,19.87,49.61,48.73,18.2,35.54,18.76,34.65
2026-04-25 19:00:00,19.9,19.82,50.2,49.3,17.93,34.29,18.28,33.71
2026-04-25 20:00:00,19.9,19.85,52.1,52.15,17.4,34.08,17.64,33.74
2026-04-25 21:00:00,19.9,19.9,54.85,56.49,16.8,34.13,16.93,33.79
2026-04-25 22:00:00,19.9,19.75,55.33,55.53,16.43,34.3,16.45,34.57
2026-04-25 23:00:00,19.9,19.87,54.5,52.83,16.38,33.35,16.39,33.21
2026-04-26 00:00:00,19.9,19.9,54.09,51.11,16.13,36.13,16.23,35.31
2026-04-26 01:00:00,19.9,19.9,52.94,50.94,15.5,39.61,15.49,39.13
2026-04-26 02:00:00,19.9,19.9,52.5,51.94,14.78,43.19,14.71,42.88
2026-04-26 03:00:00,19.9,19.9,52.5,52.4,14.35,45.22,14.29,45.29
2026-04-26 04:00:00,19.9,19.9,52.5,53.01,13.95,47.26,13.8,47.47
2026-04-26 05:00:00,19.85,19.89,52.5,53.4,13.5,48.46,13.4,48.96
2026-04-26 06:00:00,19.7,19.7,52.4,53.4,13.3,48.97,13.15,49.05
2026-04-26 07:00:00,19.7,19.7,52.24,53.4,14.12,48.09,13.46,49.73
2026-04-26 08:00:00,19.7,19.7,52.94,53.72,16.66,43.37,15.19,46.49
2026-04-26 09:00:00,19.94,19.9,53.73,54.19,21.87,32.7,17.07,37.56
2026-04-26 10:00:00,20.1,19.9,49.82,48.44,23.31,45.29,18.78,34.36
2026-04-26 11:00:00,20.1,19.9,43.04,43.4,19.48,62.16,20.53,31.57
2026-04-26 12:00:00,20.27,20.09,38.5,38.07,19.59,42.65,22.14,29.07
2026-04-26 13:00:00,20.3,20.14,39.57,37.38,20.69,32.75,23.92,24.38
2026-04-26 14:00:00,20.3,20.23,41.61,39.59,21.3,33.16,25.02,25.32
2026-04-26 15:00:00,20.3,20.3,42.9,40.91,22.19,33.06,25.96,26.54
2026-04-26 16:00:00,20.3,20.32,44.79,41.35,22.46,31.9,26.55,25.56
2026-04-26 17:00:00,20.4,20.52,46.74,42.13,22.63,30.91,27.02,24.56
2026-04-26 18:00:00,20.5,20.96,44.28,40.75,22.64,31.75,26.81,24.44
2026-04-26 19:00:00,20.5,20.8,45.25,39.05,22.21,31.57,24.65,25.35
2026-04-26 20:00:00,20.39,20.5,46.58,41.89,21.45,33.55,21.5,30.53
2026-04-26 21:00:00,20.49,20.5,49.63,47.66,20.67,36.77,20.09,35.49
2026-04-26 22:00:00,20.5,20.53,50.6,47.5,19.86,37.51,19.16,37.56
2026-04-26 23:00:00,20.5,20.5,49.95,45.18,19.35,36.27,18.41,37.29
2026-04-27 00:00:00,20.5,20.5,48.74,45.1,18.92,34.9,17.86,36.08
2026-04-27 01:00:00,20.5,20.5,48.06,45.62,18.49,34.92,17.34,36.65
2026-04-27 02:00:00,20.5,20.5,47.6,46.1,17.97,36.76,16.76,38.86
2026-04-27 03:00:00,20.5,20.5,47.6,46.1,17.49,39.41,16.29,41.62
2026-04-27 04:00:00,20.5,20.5,47.6,47.02,17.03,42.39,15.92,44.46
2026-04-27 05:00:00,20.5,20.5,47.6,47.1,16.72,44.56,15.65,46.76
